
-- MySQL dump 10.13  Distrib 8.0.21, for Win64 (x86_64)
--
-- Host: localhost    Database: gpclasses3
-- ------------------------------------------------------
-- Server version	8.0.21

/*!40101 SET @OLD_CHARACTER_SET_CLIENT=@@CHARACTER_SET_CLIENT */;
/*!40101 SET @OLD_CHARACTER_SET_RESULTS=@@CHARACTER_SET_RESULTS */;
/*!40101 SET @OLD_COLLATION_CONNECTION=@@COLLATION_CONNECTION */;
/*!50503 SET NAMES utf8 */;
/*!40103 SET @OLD_TIME_ZONE=@@TIME_ZONE */;
/*!40103 SET TIME_ZONE='+00:00' */;
/*!40014 SET @OLD_UNIQUE_CHECKS=@@UNIQUE_CHECKS, UNIQUE_CHECKS=0 */;
/*!40014 SET @OLD_FOREIGN_KEY_CHECKS=@@FOREIGN_KEY_CHECKS, FOREIGN_KEY_CHECKS=0 */;
/*!40101 SET @OLD_SQL_MODE=@@SQL_MODE, SQL_MODE='NO_AUTO_VALUE_ON_ZERO' */;
/*!40111 SET @OLD_SQL_NOTES=@@SQL_NOTES, SQL_NOTES=0 */;

--
-- Table structure for table `alumnus`
--

DROP TABLE IF EXISTS `alumnus`;
/*!40101 SET @saved_cs_client     = @@character_set_client */;
/*!50503 SET character_set_client = utf8mb4 */;
CREATE TABLE `alumnus` (
  `alumnusID` int NOT NULL AUTO_INCREMENT,
  `alumAchievement` varchar(255) NOT NULL,
  `guestLectures` int DEFAULT '0',
  `reviewWritten` varchar(1000) DEFAULT NULL,
  `studentID` int NOT NULL,
  PRIMARY KEY (`alumnusID`),
  KEY `studentID` (`studentID`),
  CONSTRAINT `alumnus_ibfk_1` FOREIGN KEY (`studentID`) REFERENCES `student` (`studentID`) ON DELETE CASCADE ON UPDATE CASCADE
) ENGINE=InnoDB AUTO_INCREMENT=1000006 DEFAULT CHARSET=utf8;
/*!40101 SET character_set_client = @saved_cs_client */;

--
-- Dumping data for table `alumnus`
--

LOCK TABLES `alumnus` WRITE;
/*!40000 ALTER TABLE `alumnus` DISABLE KEYS */;
INSERT INTO `alumnus` VALUES (1000001,'CAT 99.99%ile. Converted IIM-A,B,C.',3,'I am highly indebted to the personal attention and the innovative technology based pedagogy of GP Classes. Hard pressed for time and budget, I decided to enroll in an online coaching which offered the flexibility of time along with the personalized attention of a classroom setup, GP Classes proved to be a prudent choice.',100000001),(1000002,'XAT All India Topper. Institute\'s scholar at XLRI Jamshedpur.',4,'GP Classes, unlike most institutes, caps its upper limit of class strength somewhere between the 20s-30s. Therefore, I sort of felt quite confident because I had a better opportunity of grabbing the faculty?s attention in a class of minimal strength. I got a 99.3 percentile and shall be joining IIM Bangalore. GP Classes surely is a major stakeholder of my success.',100000002),(1000003,'GRE score 345. Secured admission in Washington University. ',4,'Everyone, I believe, would have been at that place in their life were you loose faith in yourself. I thank GP sir for pulling me out of the abyss and guiding me through my preparation. I really loved the online and classroom sessions at GP Classes. GP sir takes extreme care to see that no student gets left behind in his class.',100000006),(1000004,'Converted IIM Lucknow. OPJEMS Scholar',2,'GP Sir\'s approach to teaching and the clarity of explanation is head and shoulders above the rest. Further, all of them are always approachable. The video lectures are almost as good as the class. The website and the features are amazing! Overall, this is the right place for anyone wanting to prepare CAT.',100000012),(1000005,'PGP graduate from IIM-B. Gold Medalist.',2,'Thanks to GP Classes, my DI/LR score moved from 79.46 percentile to 99.61 percentile. One of the biggest pro of attending GP Classes is the online content. It has recorded sessions of every class and every time I had a concept doubt, I just turn on my PC and watch the class.',100000020);
/*!40000 ALTER TABLE `alumnus` ENABLE KEYS */;
UNLOCK TABLES;

--
-- Table structure for table `attempttest`
--

DROP TABLE IF EXISTS `attempttest`;
/*!40101 SET @saved_cs_client     = @@character_set_client */;
/*!50503 SET character_set_client = utf8mb4 */;
CREATE TABLE `attempttest` (
  `studentID` int NOT NULL,
  `marksObtained` int NOT NULL DEFAULT '0',
  `ratingGiven` int NOT NULL DEFAULT '0',
  `testNumber` int NOT NULL,
  `testSeriesID` int NOT NULL,
  PRIMARY KEY (`studentID`,`testNumber`,`testSeriesID`),
  KEY `testNumber` (`testNumber`,`testSeriesID`),
  CONSTRAINT `attempttest_ibfk_1` FOREIGN KEY (`studentID`) REFERENCES `student` (`studentID`) ON DELETE CASCADE ON UPDATE CASCADE,
  CONSTRAINT `attempttest_ibfk_2` FOREIGN KEY (`testNumber`, `testSeriesID`) REFERENCES `test` (`testNumber`, `testSeriesID`) ON DELETE CASCADE ON UPDATE CASCADE
) ENGINE=InnoDB DEFAULT CHARSET=utf8;
/*!40101 SET character_set_client = @saved_cs_client */;

--
-- Dumping data for table `attempttest`
--

LOCK TABLES `attempttest` WRITE;
/*!40000 ALTER TABLE `attempttest` DISABLE KEYS */;
INSERT INTO `attempttest` VALUES (100000001,71,6,2,1001),(100000001,29,9,2,1002),(100000001,62,10,2,1005),(100000001,92,10,2,1007),(100000001,29,6,2,1008),(100000001,15,4,2,1011),(100000001,93,2,2,1012),(100000001,42,5,2,1013),(100000001,59,5,2,1014),(100000001,30,10,2,1015),(100000001,46,3,2,1016),(100000001,51,8,2,1017),(100000002,50,5,3,1003),(100000002,56,9,3,1004),(100000002,92,3,3,1005),(100000002,3,2,3,1006),(100000002,53,4,3,1009),(100000002,54,7,3,1010),(100000002,33,1,3,1012),(100000002,31,2,3,1014),(100000002,20,4,3,1015),(100000002,18,5,3,1016),(100000002,92,3,4,1003),(100000002,62,6,4,1004),(100000002,80,6,4,1005),(100000002,82,7,4,1006),(100000002,99,4,4,1009),(100000002,62,1,4,1010),(100000002,6,3,4,1012),(100000002,95,5,4,1014),(100000002,47,7,4,1015),(100000002,9,5,4,1016),(100000003,76,6,1,1004),(100000003,21,3,1,1006),(100000003,49,2,1,1007),(100000003,99,9,1,1008),(100000003,48,7,1,1013),(100000003,91,5,1,1014),(100000003,95,4,1,1015),(100000003,66,8,3,1004),(100000003,63,4,3,1006),(100000003,36,1,3,1007),(100000003,2,1,3,1008),(100000003,70,4,3,1013),(100000003,95,7,3,1014),(100000003,19,7,3,1015),(100000003,45,2,5,1004),(100000003,83,1,5,1006),(100000003,39,9,5,1007),(100000003,21,2,5,1008),(100000003,8,4,5,1013),(100000003,6,5,5,1014),(100000003,63,9,5,1015),(100000004,79,2,2,1001),(100000004,63,5,2,1002),(100000004,38,4,2,1004),(100000004,70,5,2,1005),(100000004,72,10,2,1006),(100000004,16,7,2,1011),(100000004,78,3,2,1012),(100000004,48,8,2,1016),(100000004,40,10,2,1017),(100000004,9,3,3,1001),(100000004,86,3,3,1002),(100000004,85,3,3,1004),(100000004,98,2,3,1005),(100000004,62,9,3,1006),(100000004,98,7,3,1011),(100000004,41,10,3,1012),(100000004,77,8,3,1016),(100000004,40,5,3,1017),(100000005,65,9,1,1002),(100000005,53,3,1,1003),(100000005,14,7,1,1009),(100000005,64,8,1,1010),(100000005,27,2,1,1011),(100000005,65,2,1,1014),(100000005,63,1,1,1015),(100000005,56,10,1,1017),(100000005,32,6,2,1001),(100000005,79,7,2,1002),(100000005,49,5,2,1003),(100000005,10,3,2,1009),(100000005,92,5,2,1010),(100000005,42,7,2,1011),(100000005,37,6,2,1014),(100000005,81,5,2,1015),(100000005,14,4,2,1017),(100000005,24,9,3,1001),(100000005,45,9,3,1002),(100000005,96,10,3,1003),(100000005,70,4,3,1009),(100000005,10,6,3,1010),(100000005,46,7,3,1011),(100000005,16,4,3,1014),(100000005,39,6,3,1015),(100000005,48,2,3,1017),(100000005,65,5,5,1001),(100000005,56,3,5,1002),(100000005,41,4,5,1003),(100000005,10,10,5,1009),(100000005,88,8,5,1010),(100000005,83,7,5,1011),(100000005,81,5,5,1014),(100000005,10,7,5,1015),(100000005,87,7,5,1017),(100000006,11,5,1,1001),(100000006,14,10,1,1002),(100000006,31,5,1,1003),(100000006,75,9,1,1004),(100000006,68,10,1,1006),(100000006,8,2,1,1007),(100000006,79,5,1,1008),(100000006,65,4,1,1009),(100000006,58,1,1,1010),(100000006,51,4,1,1011),(100000006,68,1,1,1013),(100000006,21,10,1,1017),(100000006,44,4,5,1001),(100000006,31,5,5,1002),(100000006,44,2,5,1003),(100000006,13,7,5,1004),(100000006,16,8,5,1006),(100000006,30,3,5,1007),(100000006,27,4,5,1008),(100000006,86,4,5,1009),(100000006,30,3,5,1010),(100000006,15,4,5,1011),(100000006,41,7,5,1013),(100000006,29,4,5,1017),(100000007,98,1,3,1003),(100000007,41,4,3,1005),(100000007,53,9,3,1007),(100000007,36,9,3,1008),(100000007,33,9,3,1009),(100000007,99,8,3,1010),(100000007,28,3,3,1012),(100000007,11,6,3,1013),(100000007,4,4,3,1016),(100000008,73,8,1,1002),(100000008,24,2,1,1005),(100000008,73,1,1,1007),(100000008,94,8,1,1008),(100000008,73,4,1,1011),(100000008,85,8,1,1012),(100000008,30,3,1,1013),(100000008,90,4,1,1014),(100000008,41,9,1,1015),(100000008,26,3,1,1016),(100000008,91,2,1,1017),(100000008,9,6,2,1001),(100000008,53,1,2,1002),(100000008,14,6,2,1005),(100000008,31,10,2,1007),(100000008,20,2,2,1008),(100000008,51,7,2,1011),(100000008,79,2,2,1012),(100000008,37,9,2,1013),(100000008,80,5,2,1014),(100000008,62,2,2,1015),(100000008,24,5,2,1016),(100000008,59,7,2,1017),(100000008,56,2,3,1001),(100000008,75,7,3,1002),(100000008,79,9,3,1005),(100000008,43,6,3,1007),(100000008,5,5,3,1008),(100000008,36,2,3,1011),(100000008,1,6,3,1012),(100000008,80,2,3,1013),(100000008,97,7,3,1014),(100000008,89,8,3,1015),(100000008,40,9,3,1016),(100000008,14,4,3,1017),(100000008,11,7,5,1001),(100000008,11,1,5,1002),(100000008,14,3,5,1005),(100000008,5,1,5,1007),(100000008,82,3,5,1008),(100000008,72,6,5,1011),(100000008,48,8,5,1012),(100000008,78,9,5,1013),(100000008,91,2,5,1014),(100000008,14,3,5,1015),(100000008,48,4,5,1016),(100000008,20,7,5,1017),(100000009,31,2,1,1003),(100000009,18,9,1,1004),(100000009,88,7,1,1005),(100000009,4,2,1,1006),(100000009,54,5,1,1009),(100000009,56,10,1,1010),(100000009,55,10,1,1012),(100000009,70,6,1,1014),(100000009,35,7,1,1015),(100000009,34,1,1,1016),(100000009,53,7,3,1003),(100000009,49,6,3,1004),(100000009,84,4,3,1005),(100000009,82,4,3,1006),(100000009,76,7,3,1009),(100000009,39,2,3,1010),(100000009,31,8,3,1012),(100000009,77,6,3,1014),(100000009,14,6,3,1015),(100000009,54,6,3,1016),(100000009,92,6,5,1003),(100000009,96,7,5,1004),(100000009,26,6,5,1005),(100000009,22,8,5,1006),(100000009,48,9,5,1009),(100000009,63,5,5,1010),(100000009,17,7,5,1012),(100000009,14,2,5,1014),(100000009,57,1,5,1015),(100000009,45,2,5,1016),(100000010,80,10,3,1004),(100000010,21,6,3,1006),(100000010,14,1,3,1007),(100000010,65,3,3,1008),(100000010,94,9,3,1013),(100000010,16,7,3,1014),(100000010,37,5,3,1015),(100000011,73,4,1,1001),(100000011,45,5,1,1002),(100000011,18,4,1,1004),(100000011,84,3,1,1005),(100000011,22,4,1,1006),(100000011,53,2,1,1011),(100000011,39,5,1,1012),(100000011,92,10,1,1016),(100000011,25,4,1,1017),(100000011,26,3,2,1001),(100000011,50,5,2,1002),(100000011,16,1,2,1004),(100000011,50,3,2,1005),(100000011,95,6,2,1006),(100000011,25,6,2,1011),(100000011,57,6,2,1012),(100000011,71,9,2,1016),(100000011,50,8,2,1017),(100000011,5,7,5,1001),(100000011,3,2,5,1002),(100000011,64,9,5,1004),(100000011,54,6,5,1005),(100000011,51,3,5,1006),(100000011,79,2,5,1011),(100000011,60,2,5,1012),(100000011,85,3,5,1016),(100000011,23,6,5,1017),(100000012,19,4,3,1001),(100000012,47,4,3,1002),(100000012,84,7,3,1003),(100000012,31,5,3,1009),(100000012,93,7,3,1010),(100000012,23,2,3,1011),(100000012,26,6,3,1014),(100000012,24,5,3,1015),(100000012,67,1,3,1017),(100000012,45,5,4,1001),(100000012,73,5,4,1002),(100000012,60,2,4,1003),(100000012,71,3,4,1009),(100000012,1,9,4,1010),(100000012,8,1,4,1011),(100000012,78,4,4,1014),(100000012,49,1,4,1015),(100000012,54,3,4,1017),(100000013,1,3,2,1001),(100000013,30,3,2,1002),(100000013,75,8,2,1003),(100000013,23,6,2,1004),(100000013,49,3,2,1006),(100000013,48,2,2,1007),(100000013,67,7,2,1008),(100000013,41,5,2,1009),(100000013,93,7,2,1010),(100000013,26,8,2,1011),(100000013,57,2,2,1013),(100000013,46,2,2,1017),(100000013,98,7,3,1001),(100000013,47,9,3,1002),(100000013,32,9,3,1003),(100000013,49,4,3,1004),(100000013,36,7,3,1006),(100000013,44,2,3,1007),(100000013,9,10,3,1008),(100000013,59,3,3,1009),(100000013,34,10,3,1010),(100000013,17,5,3,1011),(100000013,74,4,3,1013),(100000013,16,9,3,1017),(100000014,43,3,1,1003),(100000014,23,4,1,1005),(100000014,66,2,1,1007),(100000014,76,9,1,1008),(100000014,75,5,1,1009),(100000014,82,5,1,1010),(100000014,66,10,1,1012),(100000014,35,2,1,1013),(100000014,65,6,1,1016),(100000014,95,6,3,1003),(100000014,67,2,3,1005),(100000014,47,4,3,1007),(100000014,99,5,3,1008),(100000014,55,8,3,1009),(100000014,43,2,3,1010),(100000014,97,6,3,1012),(100000014,30,2,3,1013),(100000014,54,4,3,1016),(100000015,26,7,1,1001),(100000015,61,2,1,1002),(100000015,45,6,1,1005),(100000015,83,1,1,1007),(100000015,31,10,1,1008),(100000015,11,9,1,1011),(100000015,65,9,1,1012),(100000015,6,10,1,1013),(100000015,14,6,1,1014),(100000015,11,8,1,1015),(100000015,28,4,1,1016),(100000015,35,4,1,1017),(100000015,53,3,3,1001),(100000015,11,10,3,1002),(100000015,15,4,3,1005),(100000015,57,9,3,1007),(100000015,95,4,3,1008),(100000015,15,6,3,1011),(100000015,49,5,3,1012),(100000015,73,1,3,1013),(100000015,81,9,3,1014),(100000015,26,7,3,1015),(100000015,43,5,3,1016),(100000015,44,3,3,1017),(100000015,3,6,5,1001),(100000015,81,10,5,1002),(100000015,41,9,5,1005),(100000015,19,9,5,1007),(100000015,74,3,5,1008),(100000015,0,10,5,1011),(100000015,84,7,5,1012),(100000015,96,2,5,1013),(100000015,0,8,5,1014),(100000015,99,3,5,1015),(100000015,69,10,5,1016),(100000015,36,1,5,1017),(100000016,21,6,2,1003),(100000016,75,2,2,1004),(100000016,10,1,2,1005),(100000016,90,3,2,1006),(100000016,72,7,2,1009),(100000016,76,3,2,1010),(100000016,43,6,2,1012),(100000016,85,5,2,1014),(100000016,94,4,2,1015),(100000016,98,1,2,1016),(100000017,26,3,2,1004),(100000017,88,9,2,1006),(100000017,53,4,2,1007),(100000017,86,2,2,1008),(100000017,46,6,2,1013),(100000017,97,5,2,1014),(100000017,68,3,2,1015),(100000017,33,1,3,1004),(100000017,11,7,3,1006),(100000017,22,4,3,1007),(100000017,93,2,3,1008),(100000017,28,6,3,1013),(100000017,98,3,3,1014),(100000017,1,2,3,1015),(100000017,43,4,4,1004),(100000017,8,4,4,1006),(100000017,23,4,4,1007),(100000017,6,7,4,1008),(100000017,8,7,4,1013),(100000017,45,3,4,1014),(100000017,21,9,4,1015),(100000018,93,4,1,1001),(100000018,11,5,1,1002),(100000018,24,4,1,1004),(100000018,71,10,1,1005),(100000018,60,4,1,1006),(100000018,95,10,1,1011),(100000018,91,2,1,1012),(100000018,72,1,1,1016),(100000018,50,3,1,1017),(100000018,89,8,3,1001),(100000018,56,5,3,1002),(100000018,18,5,3,1004),(100000018,91,9,3,1005),(100000018,62,8,3,1006),(100000018,46,4,3,1011),(100000018,93,7,3,1012),(100000018,32,3,3,1016),(100000018,75,5,3,1017),(100000018,99,10,5,1001),(100000018,91,8,5,1002),(100000018,59,5,5,1004),(100000018,51,1,5,1005),(100000018,11,6,5,1006),(100000018,85,7,5,1011),(100000018,2,6,5,1012),(100000018,99,10,5,1016),(100000018,80,8,5,1017),(100000019,42,7,2,1001),(100000019,32,10,2,1002),(100000019,43,6,2,1003),(100000019,71,9,2,1009),(100000019,9,10,2,1010),(100000019,61,5,2,1011),(100000019,77,6,2,1014),(100000019,79,5,2,1015),(100000019,49,2,2,1017),(100000019,23,1,3,1001),(100000019,81,6,3,1002),(100000019,95,2,3,1003),(100000019,77,1,3,1009),(100000019,49,3,3,1010),(100000019,54,5,3,1011),(100000019,94,4,3,1014),(100000019,16,10,3,1015),(100000019,99,1,3,1017),(100000020,23,2,1,1001),(100000020,19,5,1,1002),(100000020,77,5,1,1003),(100000020,0,5,1,1004),(100000020,14,9,1,1006),(100000020,94,3,1,1007),(100000020,8,1,1,1008),(100000020,43,6,1,1009),(100000020,5,6,1,1010),(100000020,33,4,1,1011),(100000020,20,6,1,1013),(100000020,29,3,1,1017),(100000020,22,1,2,1001),(100000020,5,1,2,1002),(100000020,8,1,2,1003),(100000020,60,1,2,1004),(100000020,77,3,2,1006),(100000020,91,10,2,1007),(100000020,77,10,2,1008),(100000020,73,6,2,1009),(100000020,88,1,2,1010),(100000020,72,5,2,1011),(100000020,14,9,2,1013),(100000020,64,6,2,1017),(100000020,23,3,3,1001),(100000020,22,5,3,1002),(100000020,59,2,3,1003),(100000020,64,6,3,1004),(100000020,11,6,3,1006),(100000020,34,6,3,1007),(100000020,73,8,3,1008),(100000020,16,7,3,1009),(100000020,3,4,3,1010),(100000020,62,10,3,1011),(100000020,88,1,3,1013),(100000020,19,7,3,1017),(100000020,63,10,5,1001),(100000020,48,5,5,1002),(100000020,65,2,5,1003),(100000020,43,2,5,1004),(100000020,7,7,5,1006),(100000020,95,3,5,1007),(100000020,51,7,5,1008),(100000020,63,10,5,1009),(100000020,10,5,5,1010),(100000020,15,7,5,1011),(100000020,19,1,5,1013),(100000020,76,3,5,1017),(100000021,96,1,1,1003),(100000021,35,5,1,1005),(100000021,80,8,1,1007),(100000021,80,9,1,1008),(100000021,68,7,1,1009),(100000021,48,8,1,1010),(100000021,45,8,1,1012),(100000021,78,8,1,1013),(100000021,57,6,1,1016),(100000022,22,7,3,1001),(100000022,61,2,3,1002),(100000022,51,9,3,1005),(100000022,59,1,3,1007),(100000022,65,5,3,1008),(100000022,51,3,3,1011),(100000022,42,9,3,1012),(100000022,10,3,3,1013),(100000022,64,4,3,1014),(100000022,94,2,3,1015),(100000022,63,7,3,1016),(100000022,57,1,3,1017),(100000023,8,9,1,1003),(100000023,75,10,1,1004),(100000023,57,8,1,1005),(100000023,34,6,1,1006),(100000023,3,4,1,1009),(100000023,7,8,1,1010),(100000023,77,7,1,1012),(100000023,16,5,1,1014),(100000023,18,8,1,1015),(100000023,24,5,1,1016),(100000023,81,6,2,1003),(100000023,0,2,2,1004),(100000023,11,7,2,1005),(100000023,87,9,2,1006),(100000023,76,6,2,1009),(100000023,35,4,2,1010),(100000023,89,4,2,1012),(100000023,26,8,2,1014),(100000023,74,6,2,1015),(100000023,93,6,2,1016),(100000023,91,7,3,1003),(100000023,59,7,3,1004),(100000023,69,10,3,1005),(100000023,72,2,3,1006),(100000023,17,5,3,1009),(100000023,53,7,3,1010),(100000023,89,10,3,1012),(100000023,47,10,3,1014),(100000023,0,6,3,1015),(100000023,49,5,3,1016),(100000023,34,8,5,1003),(100000023,83,4,5,1004),(100000023,52,5,5,1005),(100000023,46,3,5,1006),(100000023,52,5,5,1009),(100000023,71,2,5,1010),(100000023,51,1,5,1012),(100000023,1,4,5,1014),(100000023,10,8,5,1015),(100000023,13,6,5,1016),(100000024,54,3,1,1004),(100000024,23,1,1,1006),(100000024,4,10,1,1007),(100000024,3,9,1,1008),(100000024,24,6,1,1013),(100000024,15,1,1,1014),(100000024,31,3,1,1015),(100000024,7,4,3,1004),(100000024,28,9,3,1006),(100000024,71,9,3,1007),(100000024,33,3,3,1008),(100000024,7,8,3,1013),(100000024,90,3,3,1014),(100000024,14,8,3,1015),(100000024,20,6,5,1004),(100000024,21,10,5,1006),(100000024,63,3,5,1007),(100000024,47,6,5,1008),(100000024,57,10,5,1013),(100000024,62,9,5,1014),(100000024,15,5,5,1015),(100000025,36,7,2,1001),(100000025,7,4,2,1002),(100000025,7,7,2,1004),(100000025,69,5,2,1005),(100000025,45,8,2,1006),(100000025,70,8,2,1011),(100000025,64,4,2,1012),(100000025,36,7,2,1016),(100000025,64,2,2,1017),(100000025,78,9,3,1001),(100000025,17,6,3,1002),(100000025,76,10,3,1004),(100000025,43,6,3,1005),(100000025,23,8,3,1006),(100000025,86,9,3,1011),(100000025,21,5,3,1012),(100000025,23,8,3,1016),(100000025,64,8,3,1017),(100000026,59,4,1,1001),(100000026,96,6,1,1002),(100000026,79,6,1,1003),(100000026,23,2,1,1009),(100000026,73,5,1,1010),(100000026,52,7,1,1011),(100000026,99,2,1,1014),(100000026,68,9,1,1015),(100000026,97,2,1,1017),(100000026,38,8,5,1001),(100000026,60,8,5,1002),(100000026,42,9,5,1003),(100000026,37,3,5,1009),(100000026,24,8,5,1010),(100000026,55,10,5,1011),(100000026,71,7,5,1014),(100000026,20,7,5,1015),(100000026,33,10,5,1017),(100000027,63,9,3,1001),(100000027,79,1,3,1002),(100000027,81,3,3,1003),(100000027,89,10,3,1004),(100000027,67,9,3,1006),(100000027,89,7,3,1007),(100000027,66,7,3,1008),(100000027,25,3,3,1009),(100000027,29,6,3,1010),(100000027,51,8,3,1011),(100000027,99,2,3,1013),(100000027,11,8,3,1017),(100000027,5,1,4,1001),(100000027,87,4,4,1002),(100000027,91,8,4,1003),(100000027,64,10,4,1004),(100000027,17,4,4,1006),(100000027,87,9,4,1007),(100000027,91,8,4,1008),(100000027,48,7,4,1009),(100000027,5,10,4,1010),(100000027,40,9,4,1011),(100000027,45,7,4,1013),(100000027,24,9,4,1017),(100000028,28,9,3,1003),(100000028,92,10,3,1005),(100000028,95,3,3,1007),(100000028,60,3,3,1008),(100000028,90,1,3,1009),(100000028,71,4,3,1010),(100000028,17,4,3,1012),(100000028,4,5,3,1013),(100000028,24,5,3,1016),(100000029,19,7,1,1001),(100000029,32,9,1,1002),(100000029,25,10,1,1005),(100000029,58,2,1,1007),(100000029,98,5,1,1008),(100000029,59,9,1,1011),(100000029,59,8,1,1012),(100000029,55,3,1,1013),(100000029,29,3,1,1014),(100000029,76,6,1,1015),(100000029,90,2,1,1016),(100000029,36,8,1,1017),(100000029,66,6,2,1001),(100000029,20,5,2,1002),(100000029,26,8,2,1005),(100000029,30,2,2,1007),(100000029,21,3,2,1008),(100000029,75,9,2,1011),(100000029,40,7,2,1012),(100000029,64,5,2,1013),(100000029,75,9,2,1014),(100000029,29,8,2,1015),(100000029,15,1,2,1016),(100000029,45,7,2,1017),(100000029,66,5,3,1001),(100000029,66,8,3,1002),(100000029,44,2,3,1005),(100000029,57,6,3,1007),(100000029,40,7,3,1008),(100000029,44,4,3,1011),(100000029,34,6,3,1012),(100000029,26,10,3,1013),(100000029,58,9,3,1014),(100000029,24,7,3,1015),(100000029,34,1,3,1016),(100000029,76,4,3,1017),(100000029,15,5,5,1001),(100000029,69,5,5,1002),(100000029,55,5,5,1005),(100000029,78,9,5,1007),(100000029,31,3,5,1008),(100000029,21,8,5,1011),(100000029,69,1,5,1012),(100000029,58,3,5,1013),(100000029,98,6,5,1014),(100000029,95,10,5,1015),(100000029,7,10,5,1016),(100000029,67,3,5,1017),(100000030,37,10,1,1003),(100000030,49,6,1,1004),(100000030,17,4,1,1005),(100000030,21,5,1,1006),(100000030,52,10,1,1009),(100000030,79,9,1,1010),(100000030,23,9,1,1012),(100000030,90,9,1,1014),(100000030,48,4,1,1015),(100000030,85,2,1,1016),(100000030,89,10,3,1003),(100000030,27,7,3,1004),(100000030,78,2,3,1005),(100000030,95,8,3,1006),(100000030,10,9,3,1009),(100000030,13,7,3,1010),(100000030,60,4,3,1012),(100000030,73,3,3,1014),(100000030,69,10,3,1015),(100000030,95,3,3,1016),(100000030,13,8,5,1003),(100000030,84,5,5,1004),(100000030,4,9,5,1005),(100000030,89,4,5,1006),(100000030,40,8,5,1009),(100000030,48,9,5,1010),(100000030,98,1,5,1012),(100000030,28,8,5,1014),(100000030,20,7,5,1015),(100000030,52,9,5,1016),(100000031,42,6,2,1004),(100000031,48,5,2,1006),(100000031,18,2,2,1007),(100000031,26,4,2,1008),(100000031,92,8,2,1013),(100000031,45,7,2,1014),(100000031,56,6,2,1015),(100000032,24,3,2,1001),(100000032,52,9,2,1002),(100000032,53,6,2,1004),(100000032,37,1,2,1005),(100000032,12,1,2,1006),(100000032,45,4,2,1011),(100000032,39,2,2,1012),(100000032,22,10,2,1016),(100000032,69,1,2,1017),(100000032,17,10,3,1001),(100000032,27,8,3,1002),(100000032,42,3,3,1004),(100000032,73,9,3,1005),(100000032,43,5,3,1006),(100000032,10,2,3,1011),(100000032,61,1,3,1012),(100000032,15,7,3,1016),(100000032,84,3,3,1017),(100000032,76,3,4,1001),(100000032,96,3,4,1002),(100000032,99,4,4,1004),(100000032,0,5,4,1005),(100000032,60,10,4,1006),(100000032,86,1,4,1011),(100000032,97,5,4,1012),(100000032,62,1,4,1016),(100000032,56,8,4,1017),(100000033,89,2,1,1001),(100000033,79,2,1,1002),(100000033,22,6,1,1003),(100000033,69,6,1,1009),(100000033,26,3,1,1010),(100000033,36,3,1,1011),(100000033,98,6,1,1014),(100000033,41,4,1,1015),(100000033,97,4,1,1017),(100000033,15,5,3,1001),(100000033,4,6,3,1002),(100000033,90,4,3,1003),(100000033,18,2,3,1009),(100000033,52,5,3,1010),(100000033,67,8,3,1011),(100000033,25,9,3,1014),(100000033,53,10,3,1015),(100000033,1,5,3,1017),(100000033,85,7,5,1001),(100000033,82,2,5,1002),(100000033,63,5,5,1003),(100000033,19,6,5,1009),(100000033,14,9,5,1010),(100000033,34,6,5,1011),(100000033,40,7,5,1014),(100000033,45,4,5,1015),(100000033,16,8,5,1017),(100000034,13,2,3,1001),(100000034,18,6,3,1002),(100000034,41,6,3,1003),(100000034,51,1,3,1004),(100000034,0,5,3,1006),(100000034,36,8,3,1007),(100000034,75,8,3,1008),(100000034,60,2,3,1009),(100000034,90,1,3,1010),(100000034,2,1,3,1011),(100000034,67,2,3,1013),(100000034,92,1,3,1017),(100000035,1,2,1,1003),(100000035,53,6,1,1005),(100000035,93,8,1,1007),(100000035,8,1,1,1008),(100000035,52,10,1,1009),(100000035,91,2,1,1010),(100000035,35,1,1,1012),(100000035,69,4,1,1013),(100000035,57,8,1,1016),(100000035,28,3,3,1003),(100000035,89,10,3,1005),(100000035,27,7,3,1007),(100000035,13,7,3,1008),(100000035,32,4,3,1009),(100000035,23,3,3,1010),(100000035,21,5,3,1012),(100000035,36,8,3,1013),(100000035,85,1,3,1016),(100000036,67,9,1,1001),(100000036,51,4,1,1002),(100000036,33,8,1,1005),(100000036,19,10,1,1007),(100000036,74,8,1,1008),(100000036,9,5,1,1011),(100000036,44,8,1,1012),(100000036,14,2,1,1013),(100000036,91,4,1,1014),(100000036,16,5,1,1015),(100000036,79,7,1,1016),(100000036,93,1,1,1017),(100000036,40,7,5,1001),(100000036,17,3,5,1002),(100000036,40,9,5,1005),(100000036,24,5,5,1007),(100000036,4,9,5,1008),(100000036,96,3,5,1011),(100000036,85,3,5,1012),(100000036,92,2,5,1013),(100000036,52,3,5,1014),(100000036,11,4,5,1015),(100000036,27,2,5,1016),(100000036,80,1,5,1017),(100000037,22,1,2,1003),(100000037,69,3,2,1004),(100000037,49,4,2,1005),(100000037,29,2,2,1006),(100000037,31,8,2,1009),(100000037,55,4,2,1010),(100000037,10,5,2,1012),(100000037,2,2,2,1014),(100000037,93,1,2,1015),(100000037,53,5,2,1016),(100000037,98,9,3,1003),(100000037,70,8,3,1004),(100000037,1,2,3,1005),(100000037,3,3,3,1006),(100000037,78,5,3,1009),(100000037,13,9,3,1010),(100000037,89,1,3,1012),(100000037,45,2,3,1014),(100000037,32,1,3,1015),(100000037,51,3,3,1016),(100000038,74,6,1,1004),(100000038,68,7,1,1006),(100000038,27,8,1,1007),(100000038,9,10,1,1008),(100000038,62,8,1,1013),(100000038,21,1,1,1014),(100000038,1,9,1,1015),(100000038,72,2,3,1004),(100000038,7,7,3,1006),(100000038,83,3,3,1007),(100000038,9,5,3,1008),(100000038,54,6,3,1013),(100000038,27,8,3,1014),(100000038,29,7,3,1015),(100000038,27,3,5,1004),(100000038,86,8,5,1006),(100000038,41,4,5,1007),(100000038,76,3,5,1008),(100000038,32,2,5,1013),(100000038,57,4,5,1014),(100000038,59,7,5,1015),(100000039,49,3,1,1001),(100000039,81,8,1,1002),(100000039,16,2,1,1004),(100000039,98,1,1,1005),(100000039,89,9,1,1006),(100000039,24,4,1,1011),(100000039,72,2,1,1012),(100000039,23,8,1,1016),(100000039,85,3,1,1017),(100000039,92,10,3,1001),(100000039,85,9,3,1002),(100000039,7,1,3,1004),(100000039,13,9,3,1005),(100000039,68,2,3,1006),(100000039,30,1,3,1011),(100000039,80,1,3,1012),(100000039,6,9,3,1016),(100000039,79,9,3,1017),(100000039,45,10,5,1001),(100000039,85,3,5,1002),(100000039,20,7,5,1004),(100000039,4,9,5,1005),(100000039,10,9,5,1006),(100000039,56,9,5,1011),(100000039,10,9,5,1012),(100000039,35,5,5,1016),(100000039,65,8,5,1017),(100000040,38,5,2,1001),(100000040,48,2,2,1002),(100000040,98,5,2,1003),(100000040,72,4,2,1009),(100000040,68,3,2,1010),(100000040,51,6,2,1011),(100000040,45,6,2,1014),(100000040,60,6,2,1015),(100000040,92,8,2,1017),(100000040,86,6,3,1001),(100000040,71,7,3,1002),(100000040,74,6,3,1003),(100000040,34,2,3,1009),(100000040,32,4,3,1010),(100000040,50,3,3,1011),(100000040,83,4,3,1014),(100000040,58,3,3,1015),(100000040,50,10,3,1017),(100000041,41,4,1,1001),(100000041,33,8,1,1002),(100000041,24,6,1,1003),(100000041,28,4,1,1004),(100000041,56,5,1,1006),(100000041,19,2,1,1007),(100000041,37,9,1,1008),(100000041,98,9,1,1009),(100000041,23,2,1,1010),(100000041,92,2,1,1011),(100000041,87,4,1,1013),(100000041,18,8,1,1017),(100000041,6,3,2,1001),(100000041,81,9,2,1002),(100000041,62,7,2,1003),(100000041,78,3,2,1004),(100000041,24,9,2,1006),(100000041,56,6,2,1007),(100000041,8,10,2,1008),(100000041,8,9,2,1009),(100000041,82,6,2,1010),(100000041,25,2,2,1011),(100000041,37,10,2,1013),(100000041,38,2,2,1017),(100000041,21,2,5,1001),(100000041,78,3,5,1002),(100000041,57,9,5,1003),(100000041,34,2,5,1004),(100000041,28,7,5,1006),(100000041,55,10,5,1007),(100000041,1,7,5,1008),(100000041,52,5,5,1009),(100000041,33,2,5,1010),(100000041,95,10,5,1011),(100000041,21,8,5,1013),(100000041,79,2,5,1017),(100000042,36,8,3,1003),(100000042,52,10,3,1005),(100000042,73,9,3,1007),(100000042,8,6,3,1008),(100000042,30,1,3,1009),(100000042,39,2,3,1010),(100000042,10,9,3,1012),(100000042,11,3,3,1013),(100000042,11,6,3,1016),(100000043,9,3,2,1001),(100000043,43,7,2,1002),(100000043,28,8,2,1005),(100000043,76,6,2,1007),(100000043,42,3,2,1008),(100000043,40,4,2,1011),(100000043,77,5,2,1012),(100000043,50,6,2,1013),(100000043,13,1,2,1014),(100000043,52,5,2,1015),(100000043,41,1,2,1016),(100000043,50,6,2,1017),(100000043,24,6,3,1001),(100000043,58,10,3,1002),(100000043,42,7,3,1005),(100000043,64,1,3,1007),(100000043,30,6,3,1008),(100000043,78,4,3,1011),(100000043,17,9,3,1012),(100000043,77,10,3,1013),(100000043,54,8,3,1014),(100000043,60,6,3,1015),(100000043,99,8,3,1016),(100000043,74,6,3,1017),(100000044,74,2,1,1003),(100000044,65,9,1,1004),(100000044,60,1,1,1005),(100000044,66,6,1,1006),(100000044,32,4,1,1009),(100000044,57,3,1,1010),(100000044,80,9,1,1012),(100000044,3,2,1,1014),(100000044,60,2,1,1015),(100000044,39,10,1,1016),(100000044,81,1,2,1003),(100000044,89,10,2,1004),(100000044,28,2,2,1005),(100000044,46,1,2,1006),(100000044,46,3,2,1009),(100000044,41,9,2,1010),(100000044,62,10,2,1012),(100000044,69,5,2,1014),(100000044,22,7,2,1015),(100000044,43,5,2,1016),(100000044,54,6,3,1003),(100000044,9,8,3,1004),(100000044,89,8,3,1005),(100000044,8,9,3,1006),(100000044,23,3,3,1009),(100000044,1,6,3,1010),(100000044,33,5,3,1012),(100000044,67,4,3,1014),(100000044,91,2,3,1015),(100000044,20,4,3,1016),(100000044,84,8,5,1003),(100000044,8,9,5,1004),(100000044,34,3,5,1005),(100000044,58,1,5,1006),(100000044,88,5,5,1009),(100000044,64,1,5,1010),(100000044,32,8,5,1012),(100000044,77,9,5,1014),(100000044,14,5,5,1015),(100000044,3,3,5,1016),(100000045,44,1,1,1004),(100000045,15,2,1,1006),(100000045,41,4,1,1007),(100000045,22,7,1,1008),(100000045,44,3,1,1013),(100000045,43,9,1,1014),(100000045,98,6,1,1015),(100000045,58,8,3,1004),(100000045,95,9,3,1006),(100000045,93,2,3,1007),(100000045,19,7,3,1008),(100000045,21,8,3,1013),(100000045,55,7,3,1014),(100000045,45,8,3,1015),(100000045,67,2,5,1004),(100000045,38,4,5,1006),(100000045,73,9,5,1007),(100000045,42,7,5,1008),(100000045,85,9,5,1013),(100000045,0,10,5,1014),(100000045,24,8,5,1015),(100000047,40,9,2,1001),(100000047,89,9,2,1002),(100000047,47,3,2,1003),(100000047,10,2,2,1009),(100000047,4,8,2,1010),(100000047,37,6,2,1011),(100000047,78,3,2,1014),(100000047,4,6,2,1015),(100000047,92,1,2,1017),(100000047,15,7,3,1001),(100000047,16,7,3,1002),(100000047,89,5,3,1003),(100000047,95,7,3,1009),(100000047,48,4,3,1010),(100000047,90,1,3,1011),(100000047,93,6,3,1014),(100000047,22,8,3,1015),(100000047,0,5,3,1017),(100000047,0,4,4,1001),(100000047,49,10,4,1002),(100000047,37,10,4,1003),(100000047,81,6,4,1009),(100000047,42,8,4,1010),(100000047,81,7,4,1011),(100000047,29,1,4,1014),(100000047,70,1,4,1015),(100000047,13,2,4,1017),(100000048,69,4,1,1001),(100000048,63,9,1,1002),(100000048,35,8,1,1003),(100000048,69,6,1,1004),(100000048,42,7,1,1006),(100000048,95,5,1,1007),(100000048,73,1,1,1008),(100000048,9,8,1,1009),(100000048,37,6,1,1010),(100000048,97,5,1,1011),(100000048,29,10,1,1013),(100000048,2,4,1,1017),(100000048,94,7,3,1001),(100000048,64,4,3,1002),(100000048,37,3,3,1003),(100000048,27,4,3,1004),(100000048,91,4,3,1006),(100000048,72,2,3,1007),(100000048,74,1,3,1008),(100000048,46,3,3,1009),(100000048,97,5,3,1010),(100000048,48,10,3,1011),(100000048,74,4,3,1013),(100000048,28,10,3,1017),(100000048,98,10,5,1001),(100000048,58,4,5,1002),(100000048,57,5,5,1003),(100000048,18,6,5,1004),(100000048,48,7,5,1006),(100000048,3,4,5,1007),(100000048,6,2,5,1008),(100000048,78,7,5,1009),(100000048,39,9,5,1010),(100000048,12,1,5,1011),(100000048,56,9,5,1013),(100000048,11,4,5,1017),(100000049,67,6,3,1003),(100000049,50,2,3,1005),(100000049,76,5,3,1007),(100000049,64,5,3,1008),(100000049,68,3,3,1009),(100000049,19,3,3,1010),(100000049,48,5,3,1012),(100000049,6,7,3,1013),(100000049,64,8,3,1016),(100000050,41,6,1,1001),(100000050,62,3,1,1002),(100000050,2,2,1,1005),(100000050,15,7,1,1007),(100000050,71,6,1,1008),(100000050,11,1,1,1011),(100000050,69,8,1,1012),(100000050,16,9,1,1013),(100000050,69,7,1,1014),(100000050,4,4,1,1015),(100000050,13,5,1,1016),(100000050,30,5,1,1017),(100000050,98,7,3,1001),(100000050,77,5,3,1002),(100000050,24,1,3,1005),(100000050,59,2,3,1007),(100000050,71,8,3,1008),(100000050,65,5,3,1011),(100000050,78,7,3,1012),(100000050,80,6,3,1013),(100000050,37,7,3,1014),(100000050,29,3,3,1015),(100000050,38,4,3,1016),(100000050,3,10,3,1017),(100000050,10,7,5,1001),(100000050,63,1,5,1002),(100000050,55,1,5,1005),(100000050,85,8,5,1007),(100000050,97,6,5,1008),(100000050,93,6,5,1011),(100000050,45,1,5,1012),(100000050,36,3,5,1013),(100000050,49,1,5,1014),(100000050,92,5,5,1015),(100000050,83,3,5,1016),(100000050,74,3,5,1017);
/*!40000 ALTER TABLE `attempttest` ENABLE KEYS */;
UNLOCK TABLES;

--
-- Table structure for table `batch`
--

DROP TABLE IF EXISTS `batch`;
/*!40101 SET @saved_cs_client     = @@character_set_client */;
/*!50503 SET character_set_client = utf8mb4 */;
CREATE TABLE `batch` (
  `batchID` int NOT NULL,
  `courseID` int NOT NULL,
  `fees` float NOT NULL,
  `roomNo` int NOT NULL,
  `session` int NOT NULL,
  `capacity` int NOT NULL,
  PRIMARY KEY (`batchID`,`courseID`,`session`),
  KEY `courseID` (`courseID`),
  CONSTRAINT `batch_ibfk_1` FOREIGN KEY (`courseID`) REFERENCES `course` (`courseID`) ON DELETE CASCADE ON UPDATE CASCADE
) ENGINE=InnoDB DEFAULT CHARSET=utf8;
/*!40101 SET character_set_client = @saved_cs_client */;

--
-- Dumping data for table `batch`
--

LOCK TABLES `batch` WRITE;
/*!40000 ALTER TABLE `batch` DISABLE KEYS */;
INSERT INTO `batch` VALUES (1,101,3000,3,2019,25),(1,101,4000,2,2020,30),(1,102,3000,3,2019,25),(1,102,4000,2,2020,30),(1,103,3000,3,2019,25),(1,103,4000,2,2020,30),(1,104,5000,1,2019,15),(1,104,6000,1,2020,15),(1,105,5000,1,2019,15),(1,105,6000,1,2020,29),(1,106,2000,1,2020,30),(2,101,5000,1,2020,20),(2,102,5000,1,2020,10),(2,103,5000,1,2020,20),(2,104,10000,2,2020,20),(2,106,10000,2,2020,20),(3,101,6000,4,2020,10);
/*!40000 ALTER TABLE `batch` ENABLE KEYS */;
UNLOCK TABLES;

--
-- Table structure for table `contactusform`
--

DROP TABLE IF EXISTS `contactusform`;
/*!40101 SET @saved_cs_client     = @@character_set_client */;
/*!50503 SET character_set_client = utf8mb4 */;
CREATE TABLE `contactusform` (
  `queryID` int NOT NULL AUTO_INCREMENT,
  `emailID` varchar(255) NOT NULL,
  `name` varchar(255) NOT NULL,
  `phoneNumber` bigint NOT NULL,
  `query` varchar(255) NOT NULL,
  `replyGiven` varchar(1000) DEFAULT NULL,
  `showFAQ` tinyint(1) DEFAULT '0',
  PRIMARY KEY (`queryID`)
) ENGINE=InnoDB AUTO_INCREMENT=10000009 DEFAULT CHARSET=utf8;
/*!40101 SET character_set_client = @saved_cs_client */;

--
-- Dumping data for table `contactusform`
--

LOCK TABLES `contactusform` WRITE;
/*!40000 ALTER TABLE `contactusform` DISABLE KEYS */;
INSERT INTO `contactusform` VALUES (10000001,'shaymal@gmail.com','Shyamal Sinha',9204040001,'Why are all the courses paid ones ?','We charge for our course because teachers invest significant time and energy in taking live classes and interacting with you. ',1),(10000002,'akananad45@gmail.com','Akshat Anand',9204046601,'How will the classes be conducted? What will happen if I miss a class?','You\'ll be able to attend the live classes. You can watch the recorded version of class (in case you missed the live class or you want to watch again).',1),(10000003,'rampd66@gmail.com','Ram Prasad',9205546601,'Can the question papers and answer keys of test be downloaded?','Yes. All the question papers and answer keys will be available on the website itself once the test gets over.',1),(10000004,'dnoob56@gmail.com','Mohan',9205546601,'What are the hardware requirements to take online tests?','You need to have access to a very good, continuous internet connection; mobile or laptop.',1),(10000005,'bnjha55@gmail.com','Brij Nandan Jha',9205544441,'What are the class days and timings?','Please refer to the timetable.',1),(10000006,'mkgupta66@gmail.com','Mayank Gupta',9277544441,'How will I get my doubts answered?','We\'ll be conducting special doubt classes for clearing common doubts.',1),(10000007,'vpatil7787@gmail.com','Vijay Patil',9277544433,'Do you provide any printed study material?','We do provide PDFs in the study material which you can read online or decide to print.',1),(10000008,'rahulsh67@gmail.com','Rahul Shrivastava',7277544433,'What if I don\'t like the Course?','If you have any problems with any of our products or courses please feel free to reach out to us on we will help you with it.',0);
/*!40000 ALTER TABLE `contactusform` ENABLE KEYS */;
UNLOCK TABLES;

--
-- Table structure for table `course`
--

DROP TABLE IF EXISTS `course`;
/*!40101 SET @saved_cs_client     = @@character_set_client */;
/*!50503 SET character_set_client = utf8mb4 */;
CREATE TABLE `course` (
  `courseID` int NOT NULL AUTO_INCREMENT,
  `duration` int NOT NULL,
  `introducedInSession` int NOT NULL,
  `courseName` varchar(255) NOT NULL,
  `promotionalFeature` varchar(500) DEFAULT NULL,
  `examID` int NOT NULL,
  PRIMARY KEY (`courseID`),
  KEY `examID` (`examID`),
  CONSTRAINT `course_ibfk_1` FOREIGN KEY (`examID`) REFERENCES `exam` (`examID`) ON DELETE CASCADE ON UPDATE CASCADE
) ENGINE=InnoDB AUTO_INCREMENT=107 DEFAULT CHARSET=utf8;
/*!40101 SET character_set_client = @saved_cs_client */;

--
-- Dumping data for table `course`
--

LOCK TABLES `course` WRITE;
/*!40000 ALTER TABLE `course` DISABLE KEYS */;
INSERT INTO `course` VALUES (101,5,2013,'CAT Plus','A personalised learning path that is customised for each student. The learning path adjusts itself week after week, depending on your preferences and learning speed. You are unique, so is your learning path.',1),(102,12,2016,'Comprehensive CAT','A complete learning system of live quizzes, live discussions, interactive polls, peer discussions and competitions to give you a holistic learning experience as not every learning comes from watching videos.',1),(103,12,2016,'Dream IIM ','A full fledged course which not just prepares for CAT but also trains you for Interview and Group Discussions with personal mentoring by IIM and other top B-school Grads.',1),(104,6,2017,'GREedge','Introducing GREedge, specially designed program with expert trainers, personal guidance & updated materials to help you join the league 320+ scorer club. Start preparing today & make it possible.',2),(105,6,2017,'Grade Up','Score higher on the GRE with the GRE prep course that brings you the most realistic practice for test day and more live instruction than anyone else. ',2),(106,6,2017,'XAT Turbo','With our unique LPF training methodology of Learn, Revise & Feedback, learn the concepts of XAT easier, better, and faster than ever before.',3);
/*!40000 ALTER TABLE `course` ENABLE KEYS */;
UNLOCK TABLES;

--
-- Table structure for table `employee`
--

DROP TABLE IF EXISTS `employee`;
/*!40101 SET @saved_cs_client     = @@character_set_client */;
/*!50503 SET character_set_client = utf8mb4 */;
CREATE TABLE `employee` (
  `employeeID` int NOT NULL AUTO_INCREMENT,
  `PAN` varchar(255) NOT NULL,
  `accountNumber` bigint NOT NULL,
  `joiningDate` date NOT NULL,
  `salary` float NOT NULL,
  `username` varchar(255) NOT NULL,
  PRIMARY KEY (`employeeID`),
  UNIQUE KEY `PAN` (`PAN`),
  UNIQUE KEY `accountNumber` (`accountNumber`),
  KEY `username` (`username`),
  CONSTRAINT `employee_ibfk_1` FOREIGN KEY (`username`) REFERENCES `user` (`username`) ON DELETE CASCADE ON UPDATE CASCADE
) ENGINE=InnoDB AUTO_INCREMENT=1000012 DEFAULT CHARSET=utf8;
/*!40101 SET character_set_client = @saved_cs_client */;

--
-- Dumping data for table `employee`
--

LOCK TABLES `employee` WRITE;
/*!40000 ALTER TABLE `employee` DISABLE KEYS */;
INSERT INTO `employee` VALUES (1000001,'HARSH1234C',1000198788989,'2013-01-16',80000,'faculty3'),(1000002,'AMARS1234C',209898788981,'2020-11-05',100000,'faculty2'),(1000003,'KUMAR1234C',209898788922,'2020-11-05',100000,'faculty5'),(1000004,'RAVIS1234C',209898788932,'2020-11-05',100000,'faculty6'),(1000005,'AISHA1234C',9809898788932,'2020-11-05',100000,'faculty1'),(1000006,'ROHAN1234C',5809898788932,'2020-11-01',200000,'faculty7'),(1000007,'ISHIT1234C',209811788932,'2020-11-05',150000,'faculty4'),(1000008,'SOHAM1234C',255811788932,'2020-11-05',150000,'faculty8'),(1000009,'MAHES1234C',12341234123,'2017-01-14',20000,'staff2'),(1000010,'SHASH1234C',22341277123,'2017-01-20',20000,'staff3'),(1000011,'DINKA1234C',77341277123,'2017-01-27',25000,'staff1');
/*!40000 ALTER TABLE `employee` ENABLE KEYS */;
UNLOCK TABLES;

--
-- Table structure for table `enroll`
--

DROP TABLE IF EXISTS `enroll`;
/*!40101 SET @saved_cs_client     = @@character_set_client */;
/*!50503 SET character_set_client = utf8mb4 */;
CREATE TABLE `enroll` (
  `enrollmentNumber` int NOT NULL AUTO_INCREMENT,
  `studentID` int NOT NULL,
  `batchID` int NOT NULL,
  `session` int NOT NULL,
  `courseID` int NOT NULL,
  `transactionID` int NOT NULL,
  PRIMARY KEY (`enrollmentNumber`),
  KEY `courseID` (`courseID`,`batchID`,`session`),
  KEY `studentID` (`studentID`),
  KEY `transactionID` (`transactionID`),
  CONSTRAINT `enroll_ibfk_1` FOREIGN KEY (`courseID`, `batchID`, `session`) REFERENCES `batch` (`courseID`, `batchID`, `session`) ON DELETE CASCADE ON UPDATE CASCADE,
  CONSTRAINT `enroll_ibfk_2` FOREIGN KEY (`studentID`) REFERENCES `student` (`studentID`) ON DELETE CASCADE ON UPDATE CASCADE,
  CONSTRAINT `enroll_ibfk_3` FOREIGN KEY (`transactionID`) REFERENCES `transaction` (`transactionID`) ON DELETE CASCADE ON UPDATE CASCADE
) ENGINE=InnoDB AUTO_INCREMENT=10000301 DEFAULT CHARSET=utf8;
/*!40101 SET character_set_client = @saved_cs_client */;

--
-- Dumping data for table `enroll`
--

LOCK TABLES `enroll` WRITE;
/*!40000 ALTER TABLE `enroll` DISABLE KEYS */;
INSERT INTO `enroll` VALUES (10000001,100000001,1,2020,101,10000001),(10000003,100000001,1,2020,103,10000003),(10000004,100000001,2,2020,104,10000004),(10000005,100000001,1,2020,105,10000005),(10000008,100000002,1,2020,102,10000008),(10000010,100000002,1,2020,104,10000010),(10000011,100000002,1,2020,105,10000011),(10000012,100000002,1,2020,106,10000012),(10000015,100000003,1,2020,103,10000015),(10000017,100000003,1,2020,105,10000017),(10000018,100000003,1,2020,106,10000018),(10000019,100000004,3,2020,101,10000019),(10000022,100000004,2,2020,104,10000022),(10000024,100000004,1,2020,106,10000024),(10000025,100000005,2,2020,101,10000025),(10000026,100000005,1,2020,102,10000026),(10000029,100000005,1,2020,105,10000029),(10000031,100000006,3,2020,101,10000031),(10000032,100000006,1,2020,102,10000032),(10000033,100000006,1,2020,103,10000033),(10000036,100000006,1,2020,106,10000036),(10000038,100000007,2,2020,102,10000038),(10000039,100000007,2,2020,103,10000039),(10000040,100000007,2,2020,104,10000040),(10000043,100000008,3,2020,101,10000043),(10000045,100000008,2,2020,103,10000045),(10000046,100000008,2,2020,104,10000046),(10000047,100000008,1,2020,105,10000047),(10000050,100000009,2,2020,102,10000050),(10000052,100000009,2,2020,104,10000052),(10000053,100000009,1,2020,105,10000053),(10000054,100000009,1,2020,106,10000054),(10000057,100000010,2,2020,103,10000057),(10000059,100000010,1,2020,105,10000059),(10000060,100000010,1,2020,106,10000060),(10000061,100000011,3,2020,101,10000061),(10000064,100000011,1,2020,104,10000064),(10000066,100000011,1,2020,106,10000066),(10000067,100000012,1,2020,101,10000067),(10000068,100000012,1,2020,102,10000068),(10000071,100000012,1,2020,105,10000071),(10000073,100000013,3,2020,101,10000073),(10000074,100000013,1,2020,102,10000074),(10000075,100000013,1,2020,103,10000075),(10000078,100000013,1,2020,106,10000078),(10000080,100000014,1,2020,102,10000080),(10000081,100000014,1,2020,103,10000081),(10000082,100000014,1,2020,104,10000082),(10000085,100000015,1,2020,101,10000085),(10000087,100000015,2,2020,103,10000087),(10000088,100000015,1,2020,104,10000088),(10000089,100000015,1,2020,105,10000089),(10000092,100000016,2,2020,102,10000092),(10000094,100000016,1,2020,104,10000094),(10000095,100000016,1,2020,105,10000095),(10000096,100000016,1,2020,106,10000096),(10000099,100000017,1,2020,103,10000099),(10000101,100000017,1,2020,105,10000101),(10000102,100000017,1,2020,106,10000102),(10000103,100000018,2,2020,101,10000103),(10000106,100000018,2,2020,104,10000106),(10000108,100000018,1,2020,106,10000108),(10000109,100000019,3,2020,101,10000109),(10000110,100000019,2,2020,102,10000110),(10000113,100000019,1,2020,105,10000113),(10000115,100000020,2,2020,101,10000115),(10000116,100000020,1,2020,102,10000116),(10000117,100000020,1,2020,103,10000117),(10000120,100000020,1,2020,106,10000120),(10000122,100000021,2,2020,102,10000122),(10000123,100000021,2,2020,103,10000123),(10000124,100000021,1,2020,104,10000124),(10000127,100000022,2,2020,101,10000127),(10000129,100000022,2,2020,103,10000129),(10000130,100000022,2,2020,104,10000130),(10000131,100000022,1,2020,105,10000131),(10000134,100000023,2,2020,102,10000134),(10000136,100000023,1,2020,104,10000136),(10000137,100000023,1,2020,105,10000137),(10000138,100000023,1,2020,106,10000138),(10000141,100000024,1,2020,103,10000141),(10000143,100000024,1,2020,105,10000143),(10000144,100000024,1,2020,106,10000144),(10000145,100000025,1,2020,101,10000145),(10000148,100000025,1,2020,104,10000148),(10000150,100000025,1,2020,106,10000150),(10000151,100000026,2,2020,101,10000151),(10000152,100000026,1,2020,102,10000152),(10000155,100000026,1,2020,105,10000155),(10000157,100000027,3,2020,101,10000157),(10000158,100000027,1,2020,102,10000158),(10000159,100000027,1,2020,103,10000159),(10000162,100000027,1,2020,106,10000162),(10000164,100000028,1,2020,102,10000164),(10000165,100000028,1,2020,103,10000165),(10000166,100000028,1,2020,104,10000166),(10000169,100000029,3,2020,101,10000169),(10000171,100000029,2,2020,103,10000171),(10000172,100000029,1,2020,104,10000172),(10000173,100000029,1,2020,105,10000173),(10000176,100000030,1,2020,102,10000176),(10000178,100000030,2,2020,104,10000178),(10000179,100000030,1,2020,105,10000179),(10000180,100000030,1,2020,106,10000180),(10000183,100000031,1,2020,103,10000183),(10000185,100000031,1,2020,105,10000185),(10000186,100000031,1,2020,106,10000186),(10000187,100000032,3,2020,101,10000187),(10000190,100000032,2,2020,104,10000190),(10000192,100000032,1,2020,106,10000192),(10000193,100000033,1,2020,101,10000193),(10000194,100000033,2,2020,102,10000194),(10000197,100000033,1,2020,105,10000197),(10000199,100000034,3,2020,101,10000199),(10000200,100000034,2,2020,102,10000200),(10000201,100000034,2,2020,103,10000201),(10000204,100000034,1,2020,106,10000204),(10000206,100000035,1,2020,102,10000206),(10000207,100000035,1,2020,103,10000207),(10000208,100000035,2,2020,104,10000208),(10000211,100000036,2,2020,101,10000211),(10000213,100000036,1,2020,103,10000213),(10000214,100000036,2,2020,104,10000214),(10000215,100000036,1,2020,105,10000215),(10000218,100000037,1,2020,102,10000218),(10000220,100000037,1,2020,104,10000220),(10000221,100000037,1,2020,105,10000221),(10000222,100000037,1,2020,106,10000222),(10000225,100000038,2,2020,103,10000225),(10000227,100000038,1,2020,105,10000227),(10000228,100000038,1,2020,106,10000228),(10000229,100000039,2,2020,101,10000229),(10000232,100000039,2,2020,104,10000232),(10000234,100000039,1,2020,106,10000234),(10000235,100000040,2,2020,101,10000235),(10000236,100000040,1,2020,102,10000236),(10000239,100000040,1,2020,105,10000239),(10000241,100000041,2,2020,101,10000241),(10000242,100000041,1,2020,102,10000242),(10000243,100000041,2,2020,103,10000243),(10000246,100000041,1,2020,106,10000246),(10000248,100000042,2,2020,102,10000248),(10000249,100000042,1,2020,103,10000249),(10000250,100000042,2,2020,104,10000250),(10000253,100000043,2,2020,101,10000253),(10000255,100000043,1,2020,103,10000255),(10000256,100000043,1,2020,104,10000256),(10000257,100000043,1,2020,105,10000257),(10000260,100000044,1,2020,102,10000260),(10000262,100000044,1,2020,104,10000262),(10000263,100000044,1,2020,105,10000263),(10000264,100000044,1,2020,106,10000264),(10000267,100000045,2,2020,103,10000267),(10000269,100000045,1,2020,105,10000269),(10000270,100000045,1,2020,106,10000270),(10000271,100000046,1,2020,101,10000271),(10000274,100000046,1,2020,104,10000274),(10000276,100000046,1,2020,106,10000276),(10000277,100000047,1,2020,101,10000277),(10000278,100000047,2,2020,102,10000278),(10000281,100000047,1,2020,105,10000281),(10000283,100000048,2,2020,101,10000283),(10000284,100000048,1,2020,102,10000284),(10000285,100000048,2,2020,103,10000285),(10000288,100000048,1,2020,106,10000288),(10000290,100000049,1,2020,102,10000290),(10000291,100000049,2,2020,103,10000291),(10000292,100000049,2,2020,104,10000292),(10000295,100000050,1,2020,101,10000295),(10000297,100000050,1,2020,103,10000297),(10000298,100000050,1,2020,104,10000298),(10000299,100000050,1,2020,105,10000299);
/*!40000 ALTER TABLE `enroll` ENABLE KEYS */;
UNLOCK TABLES;

--
-- Table structure for table `exam`
--

DROP TABLE IF EXISTS `exam`;
/*!40101 SET @saved_cs_client     = @@character_set_client */;
/*!50503 SET character_set_client = utf8mb4 */;
CREATE TABLE `exam` (
  `examID` int NOT NULL AUTO_INCREMENT,
  `examName` varchar(100) NOT NULL,
  `prospect` varchar(500) DEFAULT NULL,
  `tentativeDate` varchar(50) NOT NULL,
  `websiteLink` varchar(500) NOT NULL,
  PRIMARY KEY (`examID`)
) ENGINE=InnoDB AUTO_INCREMENT=4 DEFAULT CHARSET=utf8;
/*!40101 SET character_set_client = @saved_cs_client */;

--
-- Dumping data for table `exam`
--

LOCK TABLES `exam` WRITE;
/*!40000 ALTER TABLE `exam` DISABLE KEYS */;
INSERT INTO `exam` VALUES (1,'Common Admission Test','CAT scores are used for admission in 20 Indian Institute of Management and over 1,200 B-schools in India','Last week of November','https://iimcat.ac.in/'),(2,'Graduate Record Exams','GRE scores are accepted in thousands of graduate programs around the world, for masters and doctorate degrees.','Year-round exams','https://www.ets.org/gre'),(3,'Xavier Aptitude Test','XLRI, 10 other XAMI members and over 700 B-schools accept XAT scores for admission to their post graduate management programmes','First week of January','https://xatonline.in/');
/*!40000 ALTER TABLE `exam` ENABLE KEYS */;
UNLOCK TABLES;

--
-- Table structure for table `examaskssubject`
--

DROP TABLE IF EXISTS `examaskssubject`;
/*!40101 SET @saved_cs_client     = @@character_set_client */;
/*!50503 SET character_set_client = utf8mb4 */;
CREATE TABLE `examaskssubject` (
  `examID` int NOT NULL,
  `subjectID` int NOT NULL,
  PRIMARY KEY (`examID`,`subjectID`),
  KEY `subjectID` (`subjectID`),
  CONSTRAINT `examaskssubject_ibfk_1` FOREIGN KEY (`examID`) REFERENCES `exam` (`examID`) ON DELETE CASCADE ON UPDATE CASCADE,
  CONSTRAINT `examaskssubject_ibfk_2` FOREIGN KEY (`subjectID`) REFERENCES `subject` (`subjectID`) ON DELETE CASCADE ON UPDATE CASCADE
) ENGINE=InnoDB DEFAULT CHARSET=utf8;
/*!40101 SET character_set_client = @saved_cs_client */;

--
-- Dumping data for table `examaskssubject`
--

LOCK TABLES `examaskssubject` WRITE;
/*!40000 ALTER TABLE `examaskssubject` DISABLE KEYS */;
INSERT INTO `examaskssubject` VALUES (1,101),(1,102),(2,102),(3,102),(1,103),(2,103),(3,103),(3,104);
/*!40000 ALTER TABLE `examaskssubject` ENABLE KEYS */;
UNLOCK TABLES;

--
-- Table structure for table `faculty`
--

DROP TABLE IF EXISTS `faculty`;
/*!40101 SET @saved_cs_client     = @@character_set_client */;
/*!50503 SET character_set_client = utf8mb4 */;
CREATE TABLE `faculty` (
  `facultyID` int NOT NULL AUTO_INCREMENT,
  `achievement` varchar(255) NOT NULL,
  `college` varchar(255) NOT NULL,
  `degree` varchar(255) NOT NULL,
  `teachingExpirience` int NOT NULL,
  `year` int NOT NULL,
  `employeeID` int NOT NULL,
  `teachessubjectID` int DEFAULT NULL,
  PRIMARY KEY (`facultyID`),
  KEY `employeeID` (`employeeID`),
  KEY `teachessubjectID` (`teachessubjectID`),
  CONSTRAINT `faculty_ibfk_1` FOREIGN KEY (`employeeID`) REFERENCES `employee` (`employeeID`) ON DELETE CASCADE ON UPDATE CASCADE,
  CONSTRAINT `faculty_ibfk_2` FOREIGN KEY (`teachessubjectID`) REFERENCES `subject` (`subjectID`) ON DELETE SET NULL ON UPDATE SET NULL
) ENGINE=InnoDB AUTO_INCREMENT=1000009 DEFAULT CHARSET=utf8;
/*!40101 SET character_set_client = @saved_cs_client */;

--
-- Dumping data for table `faculty`
--

LOCK TABLES `faculty` WRITE;
/*!40000 ALTER TABLE `faculty` DISABLE KEYS */;
INSERT INTO `faculty` VALUES (1000001,'Secured 99.99%ile in CAT 2009. Received calls from IIM-A,B,C,L,I,K. Converted all six.','IIM Ahemdabad','PGP',9,2011,1000001,101),(1000002,'Gold Medalist at IIM Bangalore. Highest CPGA in batch of more than 500 students.','IIM Bangalore','PGDM',9,2010,1000002,102),(1000003,'Cleared XAT in 2008. Outstanding performance in Extra Curriculars and sports at XLRI.\r\n','IIM Calcutta','PGDM',9,2010,1000003,103),(1000004,'CAT 99%ile. Awarded Presidents Medal at IIM Ranchi.','IIM Ranchi','PGDHRM',8,2012,1000004,104),(1000005,'330 out of 340 in GRE 2007.','Yale University','PGP',10,2009,1000005,103),(1000006,'Top Ranker at IIM Calcutta. Aditya Birla Scholar.','XLRI Jamshedpur','PGM',10,2008,1000006,102),(1000007,'99.77% in CAT 2010. International Intern at Havard Business School.','FMS Delhi','HR',8,2012,1000007,101),(1000008,'Selected for exchange program at prestigious London School of Economics .','MDI Gurgaon','HR',8,2012,1000008,104);
/*!40000 ALTER TABLE `faculty` ENABLE KEYS */;
UNLOCK TABLES;

--
-- Table structure for table `facultyapplicant`
--

DROP TABLE IF EXISTS `facultyapplicant`;
/*!40101 SET @saved_cs_client     = @@character_set_client */;
/*!50503 SET character_set_client = utf8mb4 */;
CREATE TABLE `facultyapplicant` (
  `applicationID` int NOT NULL AUTO_INCREMENT,
  `applicationProcessed` tinyint(1) NOT NULL DEFAULT '0',
  `applicantEmailID` varchar(255) NOT NULL,
  `applicationDate` date NOT NULL,
  `applicantName` varchar(255) NOT NULL,
  `applicationReviewStatus` tinyint(1) DEFAULT '0',
  `confirmationToken` varchar(255) DEFAULT NULL,
  `applicantPhoneNumber` bigint NOT NULL,
  `resumeLink` varchar(255) NOT NULL,
  `subjectID` int NOT NULL,
  PRIMARY KEY (`applicationID`),
  UNIQUE KEY `confirmationToken` (`confirmationToken`),
  KEY `subjectID` (`subjectID`),
  CONSTRAINT `facultyapplicant_ibfk_1` FOREIGN KEY (`subjectID`) REFERENCES `subject` (`subjectID`) ON DELETE CASCADE ON UPDATE CASCADE
) ENGINE=InnoDB AUTO_INCREMENT=10000010 DEFAULT CHARSET=utf8;
/*!40101 SET character_set_client = @saved_cs_client */;

--
-- Dumping data for table `facultyapplicant`
--

LOCK TABLES `facultyapplicant` WRITE;
/*!40000 ALTER TABLE `facultyapplicant` DISABLE KEYS */;
INSERT INTO `facultyapplicant` VALUES (10000001,1,'samyakn@gmail.com','2020-11-14','Samyak Nair',1,'fed06560-775c-4df2-8172-017d838666db',9204040011,'https://zety.com/resume-examples',101),(10000002,1,'shikharo@gmail.com','2020-11-14','Shikhar Ojha',1,'8905d308-5fe1-4bec-be34-1f8f5e72b810',9204042022,'https://zety.com/resume-examples',102),(10000003,1,'ishanag@gmail.com','2020-11-14','Ishan Agrawal',1,'4b38db48-2c71-417e-b23f-6469cccfe2cb',8804042022,'https://zety.com/resume-examples',103),(10000004,1,'ankitad@gmail.com','2020-11-14','Ankit Adarsh',1,'d451979a-7554-4850-b2df-b6d4f52d7b60',9255042022,'https://zety.com/resume-examples',103),(10000005,1,'aravbad@gmail.com','2020-11-14','Arav Badera',1,'1fad984f-7d93-4fc1-92d6-d75503783503',8884042022,'https://zety.com/resume-examples',104),(10000006,1,'sourabhshi@gmail.com','2020-11-14','Sourabh Shikar',0,'f195afea-7ddc-4a6c-8344-2f5dbb2f2b0c',9254842022,'https://zety.com/resume-examples',101),(10000007,1,'nksingh@gmail.com','2020-11-14','Nikhil Kumar Singh',0,'d455192f-3df8-485a-b325-a0603e6e04ba',8884042002,'https://zety.com/resume-examples',104),(10000008,1,'neerajs@gmail.com','2020-11-14','Neeraj Shekhar',0,'6c955caa-d7e4-4ec5-9cd7-fe88d810f07c',9254842182,'https://zety.com/resume-examples',102),(10000009,1,'sonikm@gmail.com','2020-11-14','Soni Kumari',0,'5665c1c7-9ccc-4c51-9d5b-ce426ac5256b',9984042002,'https://zety.com/resume-examples',102);
/*!40000 ALTER TABLE `facultyapplicant` ENABLE KEYS */;
UNLOCK TABLES;

--
-- Table structure for table `feedback`
--

DROP TABLE IF EXISTS `feedback`;
/*!40101 SET @saved_cs_client     = @@character_set_client */;
/*!50503 SET character_set_client = utf8mb4 */;
CREATE TABLE `feedback` (
  `feedbackID` int NOT NULL AUTO_INCREMENT,
  `complaint` varchar(255) DEFAULT NULL,
  `rating` int NOT NULL,
  `opinion` varchar(255) DEFAULT NULL,
  `facultyID` int NOT NULL,
  `studentID` int NOT NULL,
  PRIMARY KEY (`feedbackID`),
  KEY `facultyID` (`facultyID`),
  KEY `studentID` (`studentID`),
  CONSTRAINT `feedback_ibfk_1` FOREIGN KEY (`facultyID`) REFERENCES `faculty` (`facultyID`) ON DELETE CASCADE ON UPDATE CASCADE,
  CONSTRAINT `feedback_ibfk_2` FOREIGN KEY (`studentID`) REFERENCES `student` (`studentID`) ON DELETE CASCADE ON UPDATE CASCADE
) ENGINE=InnoDB AUTO_INCREMENT=10000007 DEFAULT CHARSET=utf8;
/*!40101 SET character_set_client = @saved_cs_client */;

--
-- Dumping data for table `feedback`
--

LOCK TABLES `feedback` WRITE;
/*!40000 ALTER TABLE `feedback` DISABLE KEYS */;
INSERT INTO `feedback` VALUES (10000001,'-',10,'Awesome teacher. I just loved his teaching style.',1000002,100000001),(10000002,'Please make the class a bit more interactive.',7,'Very knowledgeable faculty but unable to explain properly.',1000003,100000001),(10000003,'No complaints',9,'I am highly indebted to the personal attention and guidance showered upon me.',1000002,100000006),(10000004,'Some parts of the course were left uncovered',8,'Aman sir takes extreme care to see that no student gets left behind in his class',1000002,100000016),(10000005,'',10,'Harshit sir\'s approach to teaching and the clarity of explanation is head and shoulders above the rest.',1000001,100000047),(10000006,'Talks on mobile phones during the class',2,'Kumar sir lacks empathy to teach properly.',1000003,100000049);
/*!40000 ALTER TABLE `feedback` ENABLE KEYS */;
UNLOCK TABLES;

--
-- Table structure for table `paymentandleaves`
--

DROP TABLE IF EXISTS `paymentandleaves`;
/*!40101 SET @saved_cs_client     = @@character_set_client */;
/*!50503 SET character_set_client = utf8mb4 */;
CREATE TABLE `paymentandleaves` (
  `id` int NOT NULL AUTO_INCREMENT,
  `paid` tinyint(1) NOT NULL DEFAULT '0',
  `leavesAllowed` int NOT NULL DEFAULT '0',
  `leavesTaken` int NOT NULL DEFAULT '0',
  `month` varchar(255) NOT NULL,
  `overtimeWorked` int NOT NULL DEFAULT '0',
  `year` int NOT NULL,
  `employeeID` int NOT NULL,
  PRIMARY KEY (`id`),
  KEY `employeeID` (`employeeID`),
  CONSTRAINT `paymentandleaves_ibfk_1` FOREIGN KEY (`employeeID`) REFERENCES `employee` (`employeeID`) ON DELETE CASCADE ON UPDATE CASCADE
) ENGINE=InnoDB AUTO_INCREMENT=100000046 DEFAULT CHARSET=utf8;
/*!40101 SET character_set_client = @saved_cs_client */;

--
-- Dumping data for table `paymentandleaves`
--

LOCK TABLES `paymentandleaves` WRITE;
/*!40000 ALTER TABLE `paymentandleaves` DISABLE KEYS */;
INSERT INTO `paymentandleaves` VALUES (100000001,1,3,4,'January',10,2020,1000001),(100000002,1,4,3,'February',3,2020,1000001),(100000003,1,4,2,'January',7,2020,1000002),(100000004,1,3,5,'February',2,2020,1000002),(100000005,1,5,4,'January',6,2020,1000003),(100000006,1,2,4,'February',4,2020,1000003),(100000007,1,4,3,'January',4,2020,1000004),(100000008,1,5,5,'February',6,2020,1000004),(100000009,1,6,6,'January',5,2020,1000005),(100000010,1,3,4,'February',2,2020,1000005),(100000011,1,4,10,'January',1,2020,1000006),(100000012,1,2,9,'February',4,2020,1000006),(100000013,1,5,3,'January',7,2020,1000007),(100000014,1,7,4,'February',5,2020,1000007),(100000015,1,8,6,'January',4,2020,1000008),(100000016,1,3,3,'February',9,2020,1000008),(100000017,1,4,2,'January',8,2020,1000009),(100000018,1,5,5,'February',6,2020,1000009),(100000019,1,4,5,'January',1,2020,1000010),(100000020,1,3,5,'February',4,2020,1000010),(100000021,1,4,2,'March',7,2020,1000010),(100000022,1,3,5,'April',2,2020,1000010),(100000023,1,4,2,'March',7,2020,1000009),(100000024,1,3,5,'April',2,2020,1000009),(100000025,1,5,4,'March',6,2020,1000008),(100000026,1,2,4,'April',4,2020,1000008),(100000027,1,4,3,'March',4,2020,1000007),(100000028,1,5,5,'April',6,2020,1000007),(100000029,1,6,6,'March',5,2020,1000006),(100000030,1,3,4,'April',2,2020,1000006),(100000031,1,4,10,'March',1,2020,1000005),(100000032,1,2,9,'April',4,2020,1000005),(100000033,1,5,3,'March',7,2020,1000004),(100000034,1,7,4,'April',5,2020,1000004),(100000035,1,8,6,'March',4,2020,1000003),(100000036,1,3,3,'April',9,2020,1000003),(100000037,1,4,2,'March',8,2020,1000002),(100000038,1,5,5,'April',6,2020,1000002),(100000039,1,4,5,'March',1,2020,1000001),(100000040,1,3,5,'April',4,2020,1000001),(100000041,1,4,7,'January',5,2020,1000011),(100000042,1,6,8,'February',4,2020,1000011),(100000043,1,3,3,'March',9,2020,1000011),(100000044,1,2,4,'April',8,2020,1000011);
/*!40000 ALTER TABLE `paymentandleaves` ENABLE KEYS */;
UNLOCK TABLES;

--
-- Table structure for table `staff`
--

DROP TABLE IF EXISTS `staff`;
/*!40101 SET @saved_cs_client     = @@character_set_client */;
/*!50503 SET character_set_client = utf8mb4 */;
CREATE TABLE `staff` (
  `staffID` int NOT NULL AUTO_INCREMENT,
  `work` varchar(255) DEFAULT NULL,
  `employeeID` int NOT NULL,
  PRIMARY KEY (`staffID`),
  KEY `employeeID` (`employeeID`),
  CONSTRAINT `staff_ibfk_1` FOREIGN KEY (`employeeID`) REFERENCES `employee` (`employeeID`) ON DELETE CASCADE ON UPDATE CASCADE
) ENGINE=InnoDB AUTO_INCREMENT=1000004 DEFAULT CHARSET=utf8;
/*!40101 SET character_set_client = @saved_cs_client */;

--
-- Dumping data for table `staff`
--

LOCK TABLES `staff` WRITE;
/*!40000 ALTER TABLE `staff` DISABLE KEYS */;
INSERT INTO `staff` VALUES (1000001,'Reception Desk',1000009),(1000002,'Reception Desk',1000010),(1000003,'Reception Desk',1000011);
/*!40000 ALTER TABLE `staff` ENABLE KEYS */;
UNLOCK TABLES;

--
-- Table structure for table `student`
--

DROP TABLE IF EXISTS `student`;
/*!40101 SET @saved_cs_client     = @@character_set_client */;
/*!50503 SET character_set_client = utf8mb4 */;
CREATE TABLE `student` (
  `studentID` int NOT NULL AUTO_INCREMENT,
  `achievement` varchar(1000) DEFAULT NULL,
  `board10th` varchar(255) NOT NULL,
  `board12th` varchar(255) NOT NULL,
  `collegeGrad` varchar(255) NOT NULL,
  `collegePGrad` varchar(255) DEFAULT NULL,
  `parentName` varchar(255) NOT NULL,
  `parentOccupation` varchar(255) NOT NULL,
  `percentage10th` int NOT NULL,
  `percentage12th` int NOT NULL,
  `percentageGrad` int NOT NULL,
  `percentagePGrad` int DEFAULT NULL,
  `stream` varchar(255) DEFAULT NULL,
  `username` varchar(255) NOT NULL,
  PRIMARY KEY (`studentID`),
  KEY `username` (`username`),
  CONSTRAINT `student_ibfk_1` FOREIGN KEY (`username`) REFERENCES `user` (`username`) ON DELETE CASCADE ON UPDATE CASCADE
) ENGINE=InnoDB AUTO_INCREMENT=100000051 DEFAULT CHARSET=utf8;
/*!40101 SET character_set_client = @saved_cs_client */;

--
-- Dumping data for table `student`
--

LOCK TABLES `student` WRITE;
/*!40000 ALTER TABLE `student` DISABLE KEYS */;
INSERT INTO `student` VALUES (100000001,'Awarded IIT Color Award for best overall performer in sports, academics and extra-curriculars.','State Board','State Board','IIT BHU','IIT Delhi','Ivan Johnson','business',33,31,87,49,'science','student15'),(100000002,'NTSE Scholar, KVPY Fellowship, State Topper in NSEA,NSEJS and NSEP','CBSE','State Board','IIT Delhi','IIT Guwahati','David Hamilton','service',93,89,99,13,'science','student45'),(100000003,'','ISCE','CBSE','IIT Bombay','IIT Madras','Patrick Hunter','business',43,7,24,58,'science','student32'),(100000004,'Awarded IIT Color Award for best overall performer in sports, academics and extra-curriculars.','ISCE','SSC','IIT Bombay','IIT Guwahati','Christopher Smith','service',98,41,29,28,'science','student9'),(100000005,'NTSE Scholar, KVPY Fellowship, State Topper in NSEA,NSEJS and NSEP','CBSE','SSC','IIT BHU','IIT Delhi','Eric Campbell','business',94,60,66,59,'science','student20'),(100000006,'','SSC','CBSE','IIT Delhi','IIT Bombay','Charles Hoffman MD','business',32,68,52,9,'science','student2'),(100000007,'Awarded IIT Color Award for best overall performer in sports, academics and extra-curriculars.','SSC','CBSE','IIT Kanpur','IIT Guwahati','David Bautista','service',11,37,31,10,'science','student23'),(100000008,'NTSE Scholar, KVPY Fellowship, State Topper in NSEA,NSEJS and NSEP','ISCE','CBSE','IIT Delhi','IIT Bombay','Rebecca Castro','service',100,28,20,27,'science','student26'),(100000009,'','SSC','CBSE','IIT Kanpur','IIT Guwahati','Sydney Nolan','service',88,11,15,86,'science','student12'),(100000010,'Awarded IIT Color Award for best overall performer in sports, academics and extra-curriculars.','SSC','SSC','IIT Madras','IIT Madras','Taylor Hartman','service',91,6,54,4,'science','student10'),(100000011,'NTSE Scholar, KVPY Fellowship, State Topper in NSEA,NSEJS and NSEP','SSC','ISCE','IIT Guwahati','IIT Kanpur','Nicholas Briggs','service',51,99,27,58,'science','student25'),(100000012,'','CBSE','CBSE','IIT BHU','IIT Khargapur','Lucas Foster','business',22,65,100,60,'science','student29'),(100000013,'Awarded IIT Color Award for best overall performer in sports, academics and extra-curriculars.','CBSE','SSC','IIT Kanpur','IIT Guwahati','Austin Poole','business',25,54,62,93,'science','student14'),(100000014,'NTSE Scholar, KVPY Fellowship, State Topper in NSEA,NSEJS and NSEP','State Board','State Board','IIT Delhi','IIT Guwahati','Steven Snyder','service',6,14,16,34,'science','student7'),(100000015,'','CBSE','CBSE','IIT Bombay','IIT Kanpur','Thomas Johnson','business',61,53,4,60,'science','student42'),(100000016,'Awarded IIT Color Award for best overall performer in sports, academics and extra-curriculars.','SSC','CBSE','IIT BHU','IIT Bombay','Katie Martinez','service',38,37,49,7,'science','student33'),(100000017,'NTSE Scholar, KVPY Fellowship, State Topper in NSEA,NSEJS and NSEP','State Board','State Board','IIT Guwahati','IIT BHU','Kendra Lyons','service',43,2,23,9,'science','student44'),(100000018,'','ISCE','ISCE','IIT Madras','IIT Delhi','Sarah Adams','business',74,47,81,12,'science','student5'),(100000019,'Awarded IIT Color Award for best overall performer in sports, academics and extra-curriculars.','SSC','CBSE','IIT Kanpur','IIT Guwahati','Micheal Young','business',80,36,34,82,'science','student50'),(100000020,'NTSE Scholar, KVPY Fellowship, State Topper in NSEA,NSEJS and NSEP','State Board','State Board','IIT Guwahati','IIT Delhi','Tammy Garcia','business',44,27,85,1,'science','student27'),(100000021,'','SSC','CBSE','IIT BHU','IIT Guwahati','Michael Carroll','service',85,67,35,44,'science','student19'),(100000022,'Awarded IIT Color Award for best overall performer in sports, academics and extra-curriculars.','ISCE','ISCE','IIT Delhi','IIT Delhi','Raven Smith','business',18,13,1,57,'science','student40'),(100000023,'NTSE Scholar, KVPY Fellowship, State Topper in NSEA,NSEJS and NSEP','ISCE','ISCE','IIT Kanpur','IIT Khargapur','Shari Taylor','service',84,91,66,64,'science','student11'),(100000024,'','State Board','State Board','IIT Madras','IIT Madras','Gavin Reynolds','service',13,90,47,24,'science','student1'),(100000025,'Awarded IIT Color Award for best overall performer in sports, academics and extra-curriculars.','SSC','ISCE','IIT Khargapur','IIT BHU','Darrell Soto','business',61,80,74,45,'science','student8'),(100000026,'NTSE Scholar, KVPY Fellowship, State Topper in NSEA,NSEJS and NSEP','CBSE','ISCE','IIT Madras','IIT Guwahati','Brenda Riley','business',97,93,19,38,'science','student43'),(100000027,'','ISCE','ISCE','IIT Roorkee','IIT BHU','Daniel Peterson','service',75,25,73,46,'science','student39'),(100000028,'Awarded IIT Color Award for best overall performer in sports, academics and extra-curriculars.','CBSE','CBSE','IIT Khargapur','IIT Delhi','Rebecca Terry','service',35,18,50,15,'science','student30'),(100000029,'NTSE Scholar, KVPY Fellowship, State Topper in NSEA,NSEJS and NSEP','CBSE','ISCE','IIT Roorkee','IIT Khargapur','Catherine Dean','service',15,4,70,44,'science','student22'),(100000030,'','CBSE','CBSE','IIT Delhi','IIT BHU','Donald Bryant','service',69,95,37,47,'science','student13'),(100000031,'Awarded IIT Color Award for best overall performer in sports, academics and extra-curriculars.','ISCE','SSC','IIT Kanpur','IIT Roorkee','David Crawford','business',55,56,79,29,'science','student35'),(100000032,'NTSE Scholar, KVPY Fellowship, State Topper in NSEA,NSEJS and NSEP','State Board','State Board','IIT BHU','IIT Roorkee','Ashley Torres','service',100,55,69,80,'science','student3'),(100000033,'','CBSE','SSC','IIT Guwahati','IIT BHU','Christopher Peck','business',95,55,49,13,'science','student16'),(100000034,'Awarded IIT Color Award for best overall performer in sports, academics and extra-curriculars.','ISCE','CBSE','IIT Khargapur','IIT BHU','Jamie Parsons','business',8,71,27,94,'science','student37'),(100000035,'NTSE Scholar, KVPY Fellowship, State Topper in NSEA,NSEJS and NSEP','CBSE','CBSE','IIT Bombay','IIT Roorkee','Adam Wilson','business',28,35,43,22,'science','student17'),(100000036,'','SSC','CBSE','IIT Madras','IIT Madras','Warren Perry','business',53,52,16,28,'science','student36'),(100000037,'Awarded IIT Color Award for best overall performer in sports, academics and extra-curriculars.','State Board','State Board','IIT Bombay','IIT Guwahati','Thomas Santiago','business',62,71,57,30,'science','student38'),(100000038,'NTSE Scholar, KVPY Fellowship, State Topper in NSEA,NSEJS and NSEP','State Board','State Board','IIT Khargapur','IIT Khargapur','Patricia Smith','business',89,30,45,0,'science','student24'),(100000039,'','CBSE','CBSE','IIT BHU','IIT Kanpur','Sandra Johnson','business',46,74,12,37,'science','student47'),(100000040,'Awarded IIT Color Award for best overall performer in sports, academics and extra-curriculars.','CBSE','ISCE','IIT Kanpur','IIT Bombay','Alyssa Jones','business',25,46,22,11,'science','student4'),(100000041,'NTSE Scholar, KVPY Fellowship, State Topper in NSEA,NSEJS and NSEP','ISCE','SSC','IIT Roorkee','IIT Roorkee','Peter Middleton','business',52,31,57,54,'science','student21'),(100000042,'','SSC','SSC','IIT Madras','IIT Guwahati','Jack Nunez','business',22,23,100,97,'science','student34'),(100000043,'Awarded IIT Color Award for best overall performer in sports, academics and extra-curriculars.','State Board','State Board','IIT Madras','IIT Delhi','Juan Schwartz','service',37,68,60,20,'science','student18'),(100000044,'NTSE Scholar, KVPY Fellowship, State Topper in NSEA,NSEJS and NSEP','ISCE','ISCE','IIT Delhi','IIT Kanpur','Cynthia Chen','business',20,63,93,98,'science','student28'),(100000045,'99% in 10th board. State Topper.','CBSE','CBSE','IIT Guwahati','IIT Guwahati','Jeffrey Miller','service',96,99,66,30,'science','student49'),(100000046,'Awarded IIT Color Award for best overall performer in sports, academics and extra-curriculars.','CBSE','CBSE','IIT Kanpur','IIT Bombay','Christopher Webb','business',75,3,96,42,'science','student48'),(100000047,'NTSE Scholar, KVPY Fellowship, State Topper in NSEA,NSEJS and NSEP','ISCE','CBSE','IIT BHU','IIT Roorkee','Brittany Simpson','service',59,77,51,76,'science','student46'),(100000048,'','State Board','State Board','IIT Roorkee','IIT Khargapur','Martha Vargas','business',77,87,80,81,'science','student6'),(100000049,'Awarded IIT Color Award for best overall performer in sports, academics and extra-curriculars.','CBSE','SSC','IIT Roorkee','IIT Khargapur','Jason Jimenez','business',37,60,76,72,'science','student31'),(100000050,'NTSE Scholar, KVPY Fellowship, State Topper in NSEA,NSEJS and NSEP','SSC','CBSE','IIT Bombay','IIT BHU','Susan Lewis PhD','service',31,78,12,74,'science','student41');
/*!40000 ALTER TABLE `student` ENABLE KEYS */;
UNLOCK TABLES;

--
-- Table structure for table `subject`
--

DROP TABLE IF EXISTS `subject`;
/*!40101 SET @saved_cs_client     = @@character_set_client */;
/*!50503 SET character_set_client = utf8mb4 */;
CREATE TABLE `subject` (
  `subjectID` int NOT NULL AUTO_INCREMENT,
  `subjectIntroducedIn` int NOT NULL,
  `subjectName` varchar(255) NOT NULL,
  `HeadFacultyID` int DEFAULT NULL,
  PRIMARY KEY (`subjectID`),
  KEY `HeadFacultyID` (`HeadFacultyID`),
  CONSTRAINT `subject_ibfk_1` FOREIGN KEY (`HeadFacultyID`) REFERENCES `faculty` (`facultyID`) ON DELETE SET NULL ON UPDATE SET NULL
) ENGINE=InnoDB AUTO_INCREMENT=106 DEFAULT CHARSET=utf8;
/*!40101 SET character_set_client = @saved_cs_client */;

--
-- Dumping data for table `subject`
--

LOCK TABLES `subject` WRITE;
/*!40000 ALTER TABLE `subject` DISABLE KEYS */;
INSERT INTO `subject` VALUES (101,2013,'Data Interpretation',1000001),(102,2013,'Mathematics',1000002),(103,2013,'English',1000003),(104,2017,'General Knowledge',1000008);
/*!40000 ALTER TABLE `subject` ENABLE KEYS */;
UNLOCK TABLES;

--
-- Table structure for table `teachesbatch`
--

DROP TABLE IF EXISTS `teachesbatch`;
/*!40101 SET @saved_cs_client     = @@character_set_client */;
/*!50503 SET character_set_client = utf8mb4 */;
CREATE TABLE `teachesbatch` (
  `facultyID` int NOT NULL,
  `batchID` int NOT NULL,
  `courseID` int NOT NULL,
  `session` int NOT NULL,
  PRIMARY KEY (`batchID`,`courseID`,`facultyID`,`session`),
  KEY `facultyID` (`facultyID`,`batchID`,`courseID`,`session`),
  KEY `teachesbatch_ibfk_1` (`batchID`,`courseID`,`session`),
  CONSTRAINT `teachesbatch_ibfk_1` FOREIGN KEY (`batchID`, `courseID`, `session`) REFERENCES `batch` (`batchID`, `courseID`, `session`) ON DELETE CASCADE ON UPDATE CASCADE,
  CONSTRAINT `teachesbatch_ibfk_2` FOREIGN KEY (`facultyID`) REFERENCES `faculty` (`facultyID`) ON DELETE CASCADE ON UPDATE CASCADE
) ENGINE=InnoDB DEFAULT CHARSET=utf8;
/*!40101 SET character_set_client = @saved_cs_client */;

--
-- Dumping data for table `teachesbatch`
--

LOCK TABLES `teachesbatch` WRITE;
/*!40000 ALTER TABLE `teachesbatch` DISABLE KEYS */;
INSERT INTO `teachesbatch` VALUES (1000002,1,101,2019),(1000005,1,101,2019),(1000007,1,101,2019),(1000002,1,101,2020),(1000003,1,101,2020),(1000007,1,101,2020),(1000002,1,102,2019),(1000005,1,102,2019),(1000007,1,102,2019),(1000002,1,102,2020),(1000003,1,102,2020),(1000007,1,102,2020),(1000002,1,103,2019),(1000005,1,103,2019),(1000007,1,103,2019),(1000002,1,103,2020),(1000003,1,103,2020),(1000007,1,103,2020),(1000002,1,104,2019),(1000003,1,104,2019),(1000002,1,104,2020),(1000003,1,104,2020),(1000002,1,105,2019),(1000003,1,105,2019),(1000002,1,105,2020),(1000003,1,105,2020),(1000002,1,106,2020),(1000003,1,106,2020),(1000004,1,106,2020),(1000001,2,101,2020),(1000002,2,101,2020),(1000003,2,101,2020),(1000001,2,102,2020),(1000002,2,102,2020),(1000003,2,102,2020),(1000001,2,103,2020),(1000002,2,103,2020),(1000003,2,103,2020),(1000002,2,104,2020),(1000003,2,104,2020),(1000002,2,106,2020),(1000003,2,106,2020),(1000004,2,106,2020),(1000001,3,101,2020),(1000002,3,101,2020),(1000003,3,101,2020);
/*!40000 ALTER TABLE `teachesbatch` ENABLE KEYS */;
UNLOCK TABLES;

--
-- Table structure for table `test`
--

DROP TABLE IF EXISTS `test`;
/*!40101 SET @saved_cs_client     = @@character_set_client */;
/*!50503 SET character_set_client = utf8mb4 */;
CREATE TABLE `test` (
  `testNumber` int NOT NULL AUTO_INCREMENT,
  `answerKeyLink` varchar(255) DEFAULT NULL,
  `testDate` date NOT NULL,
  `difficulty` int NOT NULL,
  `testDuration` time NOT NULL,
  `maximumMarks` int DEFAULT '100',
  `questionPaperLink` varchar(255) DEFAULT NULL,
  `testTime` time NOT NULL,
  `testSeriesID` int NOT NULL,
  PRIMARY KEY (`testNumber`,`testSeriesID`),
  KEY `testSeriesID` (`testSeriesID`),
  CONSTRAINT `test_ibfk_1` FOREIGN KEY (`testSeriesID`) REFERENCES `testseries` (`testSeriesID`) ON DELETE CASCADE ON UPDATE CASCADE
) ENGINE=InnoDB AUTO_INCREMENT=6 DEFAULT CHARSET=utf8;
/*!40101 SET character_set_client = @saved_cs_client */;

--
-- Dumping data for table `test`
--

LOCK TABLES `test` WRITE;
/*!40000 ALTER TABLE `test` DISABLE KEYS */;
INSERT INTO `test` VALUES (1,'https://cetking.com/wp-content/uploads/2019/08/Ck-Cetking-CAT-2018-Question-paper-with-answers-pdf-Answers.pdf','2020-10-07',7,'02:00:00',100,'http://cetking.com/wp-content/uploads/2018/11/CAT-2018-Slot-1-question-paper.pdf','16:00:00',1001),(1,'https://cetking.com/wp-content/uploads/2019/08/Ck-Cetking-CAT-2018-Question-paper-with-answers-pdf-Answers.pdf','2020-10-07',7,'02:00:00',100,'http://cetking.com/wp-content/uploads/2018/11/CAT-2018-Slot-1-question-paper.pdf','16:00:00',1002),(1,'https://cetking.com/wp-content/uploads/2019/08/Ck-Cetking-CAT-2018-Question-paper-with-answers-pdf-Answers.pdf','2020-10-07',7,'02:00:00',100,'http://cetking.com/wp-content/uploads/2018/11/CAT-2018-Slot-1-question-paper.pdf','16:00:00',1003),(1,'https://cetking.com/wp-content/uploads/2019/08/Ck-Cetking-CAT-2018-Question-paper-with-answers-pdf-Answers.pdf','2020-10-07',7,'02:00:00',100,'http://cetking.com/wp-content/uploads/2018/11/CAT-2018-Slot-1-question-paper.pdf','16:00:00',1004),(1,'https://cetking.com/wp-content/uploads/2019/08/Ck-Cetking-CAT-2018-Question-paper-with-answers-pdf-Answers.pdf','2020-10-07',7,'02:00:00',100,'http://cetking.com/wp-content/uploads/2018/11/CAT-2018-Slot-1-question-paper.pdf','16:00:00',1005),(1,'https://cetking.com/wp-content/uploads/2019/08/Ck-Cetking-CAT-2018-Question-paper-with-answers-pdf-Answers.pdf','2020-10-07',7,'02:00:00',100,'http://cetking.com/wp-content/uploads/2018/11/CAT-2018-Slot-1-question-paper.pdf','16:00:00',1006),(1,'https://cetking.com/wp-content/uploads/2019/08/Ck-Cetking-CAT-2018-Question-paper-with-answers-pdf-Answers.pdf','2020-10-07',7,'02:00:00',100,'http://cetking.com/wp-content/uploads/2018/11/CAT-2018-Slot-1-question-paper.pdf','16:00:00',1007),(1,'https://cetking.com/wp-content/uploads/2019/08/Ck-Cetking-CAT-2018-Question-paper-with-answers-pdf-Answers.pdf','2020-10-07',7,'02:00:00',100,'http://cetking.com/wp-content/uploads/2018/11/CAT-2018-Slot-1-question-paper.pdf','16:00:00',1008),(1,'https://cetking.com/wp-content/uploads/2019/08/Ck-Cetking-CAT-2018-Question-paper-with-answers-pdf-Answers.pdf','2020-10-07',7,'02:00:00',100,'http://cetking.com/wp-content/uploads/2018/11/CAT-2018-Slot-1-question-paper.pdf','16:00:00',1009),(1,'https://cetking.com/wp-content/uploads/2019/08/Ck-Cetking-CAT-2018-Question-paper-with-answers-pdf-Answers.pdf','2020-10-07',7,'02:00:00',100,'http://cetking.com/wp-content/uploads/2018/11/CAT-2018-Slot-1-question-paper.pdf','16:00:00',1010),(1,'https://cetking.com/wp-content/uploads/2019/08/Ck-Cetking-CAT-2018-Question-paper-with-answers-pdf-Answers.pdf','2020-10-07',7,'02:00:00',100,'http://cetking.com/wp-content/uploads/2018/11/CAT-2018-Slot-1-question-paper.pdf','16:00:00',1011),(1,'https://cetking.com/wp-content/uploads/2019/08/Ck-Cetking-CAT-2018-Question-paper-with-answers-pdf-Answers.pdf','2020-10-07',7,'02:00:00',100,'http://cetking.com/wp-content/uploads/2018/11/CAT-2018-Slot-1-question-paper.pdf','16:00:00',1012),(1,'https://cetking.com/wp-content/uploads/2019/08/Ck-Cetking-CAT-2018-Question-paper-with-answers-pdf-Answers.pdf','2020-10-07',7,'02:00:00',100,'http://cetking.com/wp-content/uploads/2018/11/CAT-2018-Slot-1-question-paper.pdf','16:00:00',1013),(1,'https://cetking.com/wp-content/uploads/2019/08/Ck-Cetking-CAT-2018-Question-paper-with-answers-pdf-Answers.pdf','2020-10-07',7,'02:00:00',100,'http://cetking.com/wp-content/uploads/2018/11/CAT-2018-Slot-1-question-paper.pdf','16:00:00',1014),(1,'https://cetking.com/wp-content/uploads/2019/08/Ck-Cetking-CAT-2018-Question-paper-with-answers-pdf-Answers.pdf','2020-10-07',7,'02:00:00',100,'http://cetking.com/wp-content/uploads/2018/11/CAT-2018-Slot-1-question-paper.pdf','16:00:00',1015),(1,'https://cetking.com/wp-content/uploads/2019/08/Ck-Cetking-CAT-2018-Question-paper-with-answers-pdf-Answers.pdf','2020-10-07',7,'02:00:00',100,'http://cetking.com/wp-content/uploads/2018/11/CAT-2018-Slot-1-question-paper.pdf','16:00:00',1016),(1,'https://cetking.com/wp-content/uploads/2019/08/Ck-Cetking-CAT-2018-Question-paper-with-answers-pdf-Answers.pdf','2020-10-07',7,'02:00:00',100,'http://cetking.com/wp-content/uploads/2018/11/CAT-2018-Slot-1-question-paper.pdf','16:00:00',1017),(2,'https://cetking.com/wp-content/uploads/2019/08/Ck-Cetking-CAT-2018-Question-paper-with-answers-pdf-Answers.pdf','2020-11-01',9,'03:00:00',300,'http://cetking.com/wp-content/uploads/2018/11/CAT-2018-Slot-1-question-paper.pdf','15:00:00',1001),(2,'https://cetking.com/wp-content/uploads/2019/08/Ck-Cetking-CAT-2018-Question-paper-with-answers-pdf-Answers.pdf','2020-11-01',9,'03:00:00',300,'http://cetking.com/wp-content/uploads/2018/11/CAT-2018-Slot-1-question-paper.pdf','15:00:00',1002),(2,'https://cetking.com/wp-content/uploads/2019/08/Ck-Cetking-CAT-2018-Question-paper-with-answers-pdf-Answers.pdf','2020-11-01',9,'03:00:00',300,'http://cetking.com/wp-content/uploads/2018/11/CAT-2018-Slot-1-question-paper.pdf','15:00:00',1003),(2,'https://cetking.com/wp-content/uploads/2019/08/Ck-Cetking-CAT-2018-Question-paper-with-answers-pdf-Answers.pdf','2020-11-01',9,'03:00:00',300,'http://cetking.com/wp-content/uploads/2018/11/CAT-2018-Slot-1-question-paper.pdf','15:00:00',1004),(2,'https://cetking.com/wp-content/uploads/2019/08/Ck-Cetking-CAT-2018-Question-paper-with-answers-pdf-Answers.pdf','2020-11-01',9,'03:00:00',300,'http://cetking.com/wp-content/uploads/2018/11/CAT-2018-Slot-1-question-paper.pdf','15:00:00',1005),(2,'https://cetking.com/wp-content/uploads/2019/08/Ck-Cetking-CAT-2018-Question-paper-with-answers-pdf-Answers.pdf','2020-11-01',9,'03:00:00',300,'http://cetking.com/wp-content/uploads/2018/11/CAT-2018-Slot-1-question-paper.pdf','15:00:00',1006),(2,'https://cetking.com/wp-content/uploads/2019/08/Ck-Cetking-CAT-2018-Question-paper-with-answers-pdf-Answers.pdf','2020-11-01',9,'03:00:00',300,'http://cetking.com/wp-content/uploads/2018/11/CAT-2018-Slot-1-question-paper.pdf','15:00:00',1007),(2,'https://cetking.com/wp-content/uploads/2019/08/Ck-Cetking-CAT-2018-Question-paper-with-answers-pdf-Answers.pdf','2020-11-01',9,'03:00:00',300,'http://cetking.com/wp-content/uploads/2018/11/CAT-2018-Slot-1-question-paper.pdf','15:00:00',1008),(2,'https://cetking.com/wp-content/uploads/2019/08/Ck-Cetking-CAT-2018-Question-paper-with-answers-pdf-Answers.pdf','2020-11-01',9,'03:00:00',300,'http://cetking.com/wp-content/uploads/2018/11/CAT-2018-Slot-1-question-paper.pdf','15:00:00',1009),(2,'https://cetking.com/wp-content/uploads/2019/08/Ck-Cetking-CAT-2018-Question-paper-with-answers-pdf-Answers.pdf','2020-11-01',9,'03:00:00',300,'http://cetking.com/wp-content/uploads/2018/11/CAT-2018-Slot-1-question-paper.pdf','15:00:00',1010),(2,'https://cetking.com/wp-content/uploads/2019/08/Ck-Cetking-CAT-2018-Question-paper-with-answers-pdf-Answers.pdf','2020-11-01',9,'03:00:00',300,'http://cetking.com/wp-content/uploads/2018/11/CAT-2018-Slot-1-question-paper.pdf','15:00:00',1011),(2,'https://cetking.com/wp-content/uploads/2019/08/Ck-Cetking-CAT-2018-Question-paper-with-answers-pdf-Answers.pdf','2020-11-01',9,'03:00:00',300,'http://cetking.com/wp-content/uploads/2018/11/CAT-2018-Slot-1-question-paper.pdf','15:00:00',1012),(2,'https://cetking.com/wp-content/uploads/2019/08/Ck-Cetking-CAT-2018-Question-paper-with-answers-pdf-Answers.pdf','2020-11-01',9,'03:00:00',300,'http://cetking.com/wp-content/uploads/2018/11/CAT-2018-Slot-1-question-paper.pdf','15:00:00',1013),(2,'https://cetking.com/wp-content/uploads/2019/08/Ck-Cetking-CAT-2018-Question-paper-with-answers-pdf-Answers.pdf','2020-11-01',9,'03:00:00',300,'http://cetking.com/wp-content/uploads/2018/11/CAT-2018-Slot-1-question-paper.pdf','15:00:00',1014),(2,'https://cetking.com/wp-content/uploads/2019/08/Ck-Cetking-CAT-2018-Question-paper-with-answers-pdf-Answers.pdf','2020-11-01',9,'03:00:00',300,'http://cetking.com/wp-content/uploads/2018/11/CAT-2018-Slot-1-question-paper.pdf','15:00:00',1015),(2,'https://cetking.com/wp-content/uploads/2019/08/Ck-Cetking-CAT-2018-Question-paper-with-answers-pdf-Answers.pdf','2020-11-01',9,'03:00:00',300,'http://cetking.com/wp-content/uploads/2018/11/CAT-2018-Slot-1-question-paper.pdf','15:00:00',1016),(2,'https://cetking.com/wp-content/uploads/2019/08/Ck-Cetking-CAT-2018-Question-paper-with-answers-pdf-Answers.pdf','2020-11-01',9,'03:00:00',300,'http://cetking.com/wp-content/uploads/2018/11/CAT-2018-Slot-1-question-paper.pdf','15:00:00',1017),(3,'https://cetking.com/wp-content/uploads/2019/08/Ck-Cetking-CAT-2018-Question-paper-with-answers-pdf-Answers.pdf','2020-11-15',10,'03:00:00',100,'http://cetking.com/wp-content/uploads/2018/11/CAT-2018-Slot-1-question-paper.pdf','16:00:00',1001),(3,'https://cetking.com/wp-content/uploads/2019/08/Ck-Cetking-CAT-2018-Question-paper-with-answers-pdf-Answers.pdf','2020-11-15',10,'03:00:00',100,'http://cetking.com/wp-content/uploads/2018/11/CAT-2018-Slot-1-question-paper.pdf','16:00:00',1002),(3,'https://cetking.com/wp-content/uploads/2019/08/Ck-Cetking-CAT-2018-Question-paper-with-answers-pdf-Answers.pdf','2020-11-15',10,'03:00:00',100,'http://cetking.com/wp-content/uploads/2018/11/CAT-2018-Slot-1-question-paper.pdf','16:00:00',1003),(3,'https://cetking.com/wp-content/uploads/2019/08/Ck-Cetking-CAT-2018-Question-paper-with-answers-pdf-Answers.pdf','2020-11-15',10,'03:00:00',100,'http://cetking.com/wp-content/uploads/2018/11/CAT-2018-Slot-1-question-paper.pdf','16:00:00',1004),(3,'https://cetking.com/wp-content/uploads/2019/08/Ck-Cetking-CAT-2018-Question-paper-with-answers-pdf-Answers.pdf','2020-11-15',10,'03:00:00',100,'http://cetking.com/wp-content/uploads/2018/11/CAT-2018-Slot-1-question-paper.pdf','16:00:00',1005),(3,'https://cetking.com/wp-content/uploads/2019/08/Ck-Cetking-CAT-2018-Question-paper-with-answers-pdf-Answers.pdf','2020-11-15',10,'03:00:00',100,'http://cetking.com/wp-content/uploads/2018/11/CAT-2018-Slot-1-question-paper.pdf','16:00:00',1006),(3,'https://cetking.com/wp-content/uploads/2019/08/Ck-Cetking-CAT-2018-Question-paper-with-answers-pdf-Answers.pdf','2020-11-15',10,'03:00:00',100,'http://cetking.com/wp-content/uploads/2018/11/CAT-2018-Slot-1-question-paper.pdf','16:00:00',1007),(3,'https://cetking.com/wp-content/uploads/2019/08/Ck-Cetking-CAT-2018-Question-paper-with-answers-pdf-Answers.pdf','2020-11-15',10,'03:00:00',100,'http://cetking.com/wp-content/uploads/2018/11/CAT-2018-Slot-1-question-paper.pdf','16:00:00',1008),(3,'https://cetking.com/wp-content/uploads/2019/08/Ck-Cetking-CAT-2018-Question-paper-with-answers-pdf-Answers.pdf','2020-11-15',10,'03:00:00',100,'http://cetking.com/wp-content/uploads/2018/11/CAT-2018-Slot-1-question-paper.pdf','16:00:00',1009),(3,'https://cetking.com/wp-content/uploads/2019/08/Ck-Cetking-CAT-2018-Question-paper-with-answers-pdf-Answers.pdf','2020-11-15',10,'03:00:00',100,'http://cetking.com/wp-content/uploads/2018/11/CAT-2018-Slot-1-question-paper.pdf','16:00:00',1010),(3,'https://cetking.com/wp-content/uploads/2019/08/Ck-Cetking-CAT-2018-Question-paper-with-answers-pdf-Answers.pdf','2020-11-15',10,'03:00:00',100,'http://cetking.com/wp-content/uploads/2018/11/CAT-2018-Slot-1-question-paper.pdf','16:00:00',1011),(3,'https://cetking.com/wp-content/uploads/2019/08/Ck-Cetking-CAT-2018-Question-paper-with-answers-pdf-Answers.pdf','2020-11-15',10,'03:00:00',100,'http://cetking.com/wp-content/uploads/2018/11/CAT-2018-Slot-1-question-paper.pdf','16:00:00',1012),(3,'https://cetking.com/wp-content/uploads/2019/08/Ck-Cetking-CAT-2018-Question-paper-with-answers-pdf-Answers.pdf','2020-11-15',10,'03:00:00',100,'http://cetking.com/wp-content/uploads/2018/11/CAT-2018-Slot-1-question-paper.pdf','16:00:00',1013),(3,'https://cetking.com/wp-content/uploads/2019/08/Ck-Cetking-CAT-2018-Question-paper-with-answers-pdf-Answers.pdf','2020-11-15',10,'03:00:00',100,'http://cetking.com/wp-content/uploads/2018/11/CAT-2018-Slot-1-question-paper.pdf','16:00:00',1014),(3,'https://cetking.com/wp-content/uploads/2019/08/Ck-Cetking-CAT-2018-Question-paper-with-answers-pdf-Answers.pdf','2020-11-15',10,'03:00:00',100,'http://cetking.com/wp-content/uploads/2018/11/CAT-2018-Slot-1-question-paper.pdf','16:00:00',1015),(3,'https://cetking.com/wp-content/uploads/2019/08/Ck-Cetking-CAT-2018-Question-paper-with-answers-pdf-Answers.pdf','2020-11-15',10,'03:00:00',100,'http://cetking.com/wp-content/uploads/2018/11/CAT-2018-Slot-1-question-paper.pdf','16:00:00',1016),(3,'https://cetking.com/wp-content/uploads/2019/08/Ck-Cetking-CAT-2018-Question-paper-with-answers-pdf-Answers.pdf','2020-11-15',10,'03:00:00',100,'http://cetking.com/wp-content/uploads/2018/11/CAT-2018-Slot-1-question-paper.pdf','16:00:00',1017),(4,'https://cetking.com/wp-content/uploads/2019/08/Ck-Cetking-CAT-2018-Question-paper-with-answers-pdf-Answers.pdf','2021-01-01',10,'03:00:00',100,'http://cetking.com/wp-content/uploads/2018/11/CAT-2018-Slot-1-question-paper.pdf','12:30:00',1001),(4,'https://cetking.com/wp-content/uploads/2019/08/Ck-Cetking-CAT-2018-Question-paper-with-answers-pdf-Answers.pdf','2021-01-01',10,'03:00:00',100,'http://cetking.com/wp-content/uploads/2018/11/CAT-2018-Slot-1-question-paper.pdf','12:30:00',1002),(4,'https://cetking.com/wp-content/uploads/2019/08/Ck-Cetking-CAT-2018-Question-paper-with-answers-pdf-Answers.pdf','2021-01-01',10,'03:00:00',100,'http://cetking.com/wp-content/uploads/2018/11/CAT-2018-Slot-1-question-paper.pdf','12:30:00',1003),(4,'https://cetking.com/wp-content/uploads/2019/08/Ck-Cetking-CAT-2018-Question-paper-with-answers-pdf-Answers.pdf','2021-01-01',10,'03:00:00',100,'http://cetking.com/wp-content/uploads/2018/11/CAT-2018-Slot-1-question-paper.pdf','12:30:00',1004),(4,'https://cetking.com/wp-content/uploads/2019/08/Ck-Cetking-CAT-2018-Question-paper-with-answers-pdf-Answers.pdf','2021-01-01',10,'03:00:00',100,'http://cetking.com/wp-content/uploads/2018/11/CAT-2018-Slot-1-question-paper.pdf','12:30:00',1005),(4,'https://cetking.com/wp-content/uploads/2019/08/Ck-Cetking-CAT-2018-Question-paper-with-answers-pdf-Answers.pdf','2021-01-01',10,'03:00:00',100,'http://cetking.com/wp-content/uploads/2018/11/CAT-2018-Slot-1-question-paper.pdf','12:30:00',1006),(4,'https://cetking.com/wp-content/uploads/2019/08/Ck-Cetking-CAT-2018-Question-paper-with-answers-pdf-Answers.pdf','2021-01-01',10,'03:00:00',100,'http://cetking.com/wp-content/uploads/2018/11/CAT-2018-Slot-1-question-paper.pdf','12:30:00',1007),(4,'https://cetking.com/wp-content/uploads/2019/08/Ck-Cetking-CAT-2018-Question-paper-with-answers-pdf-Answers.pdf','2021-01-01',10,'03:00:00',100,'http://cetking.com/wp-content/uploads/2018/11/CAT-2018-Slot-1-question-paper.pdf','12:30:00',1008),(4,'https://cetking.com/wp-content/uploads/2019/08/Ck-Cetking-CAT-2018-Question-paper-with-answers-pdf-Answers.pdf','2021-01-01',10,'03:00:00',100,'http://cetking.com/wp-content/uploads/2018/11/CAT-2018-Slot-1-question-paper.pdf','12:30:00',1009),(4,'https://cetking.com/wp-content/uploads/2019/08/Ck-Cetking-CAT-2018-Question-paper-with-answers-pdf-Answers.pdf','2021-01-01',10,'03:00:00',100,'http://cetking.com/wp-content/uploads/2018/11/CAT-2018-Slot-1-question-paper.pdf','12:30:00',1010),(4,'https://cetking.com/wp-content/uploads/2019/08/Ck-Cetking-CAT-2018-Question-paper-with-answers-pdf-Answers.pdf','2021-01-01',10,'03:00:00',100,'http://cetking.com/wp-content/uploads/2018/11/CAT-2018-Slot-1-question-paper.pdf','12:30:00',1011),(4,'https://cetking.com/wp-content/uploads/2019/08/Ck-Cetking-CAT-2018-Question-paper-with-answers-pdf-Answers.pdf','2021-01-01',10,'03:00:00',100,'http://cetking.com/wp-content/uploads/2018/11/CAT-2018-Slot-1-question-paper.pdf','12:30:00',1012),(4,'https://cetking.com/wp-content/uploads/2019/08/Ck-Cetking-CAT-2018-Question-paper-with-answers-pdf-Answers.pdf','2021-01-01',10,'03:00:00',100,'http://cetking.com/wp-content/uploads/2018/11/CAT-2018-Slot-1-question-paper.pdf','12:30:00',1013),(4,'https://cetking.com/wp-content/uploads/2019/08/Ck-Cetking-CAT-2018-Question-paper-with-answers-pdf-Answers.pdf','2021-01-01',10,'03:00:00',100,'http://cetking.com/wp-content/uploads/2018/11/CAT-2018-Slot-1-question-paper.pdf','12:30:00',1014),(4,'https://cetking.com/wp-content/uploads/2019/08/Ck-Cetking-CAT-2018-Question-paper-with-answers-pdf-Answers.pdf','2021-01-01',10,'03:00:00',100,'http://cetking.com/wp-content/uploads/2018/11/CAT-2018-Slot-1-question-paper.pdf','12:30:00',1015),(4,'https://cetking.com/wp-content/uploads/2019/08/Ck-Cetking-CAT-2018-Question-paper-with-answers-pdf-Answers.pdf','2021-01-01',10,'03:00:00',100,'http://cetking.com/wp-content/uploads/2018/11/CAT-2018-Slot-1-question-paper.pdf','12:30:00',1016),(4,'https://cetking.com/wp-content/uploads/2019/08/Ck-Cetking-CAT-2018-Question-paper-with-answers-pdf-Answers.pdf','2021-01-01',10,'03:00:00',100,'http://cetking.com/wp-content/uploads/2018/11/CAT-2018-Slot-1-question-paper.pdf','12:30:00',1017),(5,'https://cetking.com/wp-content/uploads/2019/08/Ck-Cetking-CAT-2018-Question-paper-with-answers-pdf-Answers.pdf','2020-09-02',5,'02:30:00',200,'http://cetking.com/wp-content/uploads/2018/11/CAT-2018-Slot-1-question-paper.pdf','15:30:00',1001),(5,'https://cetking.com/wp-content/uploads/2019/08/Ck-Cetking-CAT-2018-Question-paper-with-answers-pdf-Answers.pdf','2020-09-02',5,'02:30:00',200,'http://cetking.com/wp-content/uploads/2018/11/CAT-2018-Slot-1-question-paper.pdf','15:30:00',1002),(5,'https://cetking.com/wp-content/uploads/2019/08/Ck-Cetking-CAT-2018-Question-paper-with-answers-pdf-Answers.pdf','2020-09-02',5,'02:30:00',200,'http://cetking.com/wp-content/uploads/2018/11/CAT-2018-Slot-1-question-paper.pdf','15:30:00',1003),(5,'https://cetking.com/wp-content/uploads/2019/08/Ck-Cetking-CAT-2018-Question-paper-with-answers-pdf-Answers.pdf','2020-09-02',5,'02:30:00',200,'http://cetking.com/wp-content/uploads/2018/11/CAT-2018-Slot-1-question-paper.pdf','15:30:00',1004),(5,'https://cetking.com/wp-content/uploads/2019/08/Ck-Cetking-CAT-2018-Question-paper-with-answers-pdf-Answers.pdf','2020-09-02',5,'02:30:00',200,'http://cetking.com/wp-content/uploads/2018/11/CAT-2018-Slot-1-question-paper.pdf','15:30:00',1005),(5,'https://cetking.com/wp-content/uploads/2019/08/Ck-Cetking-CAT-2018-Question-paper-with-answers-pdf-Answers.pdf','2020-09-02',5,'02:30:00',200,'http://cetking.com/wp-content/uploads/2018/11/CAT-2018-Slot-1-question-paper.pdf','15:30:00',1006),(5,'https://cetking.com/wp-content/uploads/2019/08/Ck-Cetking-CAT-2018-Question-paper-with-answers-pdf-Answers.pdf','2020-09-02',5,'02:30:00',200,'http://cetking.com/wp-content/uploads/2018/11/CAT-2018-Slot-1-question-paper.pdf','15:30:00',1007),(5,'https://cetking.com/wp-content/uploads/2019/08/Ck-Cetking-CAT-2018-Question-paper-with-answers-pdf-Answers.pdf','2020-09-02',5,'02:30:00',200,'http://cetking.com/wp-content/uploads/2018/11/CAT-2018-Slot-1-question-paper.pdf','15:30:00',1008),(5,'https://cetking.com/wp-content/uploads/2019/08/Ck-Cetking-CAT-2018-Question-paper-with-answers-pdf-Answers.pdf','2020-09-02',5,'02:30:00',200,'http://cetking.com/wp-content/uploads/2018/11/CAT-2018-Slot-1-question-paper.pdf','15:30:00',1009),(5,'https://cetking.com/wp-content/uploads/2019/08/Ck-Cetking-CAT-2018-Question-paper-with-answers-pdf-Answers.pdf','2020-09-02',5,'02:30:00',200,'http://cetking.com/wp-content/uploads/2018/11/CAT-2018-Slot-1-question-paper.pdf','15:30:00',1010),(5,'https://cetking.com/wp-content/uploads/2019/08/Ck-Cetking-CAT-2018-Question-paper-with-answers-pdf-Answers.pdf','2020-09-02',5,'02:30:00',200,'http://cetking.com/wp-content/uploads/2018/11/CAT-2018-Slot-1-question-paper.pdf','15:30:00',1011),(5,'https://cetking.com/wp-content/uploads/2019/08/Ck-Cetking-CAT-2018-Question-paper-with-answers-pdf-Answers.pdf','2020-09-02',5,'02:30:00',200,'http://cetking.com/wp-content/uploads/2018/11/CAT-2018-Slot-1-question-paper.pdf','15:30:00',1012),(5,'https://cetking.com/wp-content/uploads/2019/08/Ck-Cetking-CAT-2018-Question-paper-with-answers-pdf-Answers.pdf','2020-09-02',5,'02:30:00',200,'http://cetking.com/wp-content/uploads/2018/11/CAT-2018-Slot-1-question-paper.pdf','15:30:00',1013),(5,'https://cetking.com/wp-content/uploads/2019/08/Ck-Cetking-CAT-2018-Question-paper-with-answers-pdf-Answers.pdf','2020-09-02',5,'02:30:00',200,'http://cetking.com/wp-content/uploads/2018/11/CAT-2018-Slot-1-question-paper.pdf','15:30:00',1014),(5,'https://cetking.com/wp-content/uploads/2019/08/Ck-Cetking-CAT-2018-Question-paper-with-answers-pdf-Answers.pdf','2020-09-02',5,'02:30:00',200,'http://cetking.com/wp-content/uploads/2018/11/CAT-2018-Slot-1-question-paper.pdf','15:30:00',1015),(5,'https://cetking.com/wp-content/uploads/2019/08/Ck-Cetking-CAT-2018-Question-paper-with-answers-pdf-Answers.pdf','2020-09-02',5,'02:30:00',200,'http://cetking.com/wp-content/uploads/2018/11/CAT-2018-Slot-1-question-paper.pdf','15:30:00',1016),(5,'https://cetking.com/wp-content/uploads/2019/08/Ck-Cetking-CAT-2018-Question-paper-with-answers-pdf-Answers.pdf','2020-09-02',5,'02:30:00',200,'http://cetking.com/wp-content/uploads/2018/11/CAT-2018-Slot-1-question-paper.pdf','15:30:00',1017);
/*!40000 ALTER TABLE `test` ENABLE KEYS */;
UNLOCK TABLES;

--
-- Table structure for table `testseries`
--

DROP TABLE IF EXISTS `testseries`;
/*!40101 SET @saved_cs_client     = @@character_set_client */;
/*!50503 SET character_set_client = utf8mb4 */;
CREATE TABLE `testseries` (
  `testSeriesID` int NOT NULL AUTO_INCREMENT,
  `level` int NOT NULL,
  `mode` varchar(255) NOT NULL,
  `testSeriesName` varchar(255) NOT NULL,
  `courseID` int NOT NULL,
  PRIMARY KEY (`testSeriesID`),
  KEY `courseID` (`courseID`),
  CONSTRAINT `testseries_ibfk_1` FOREIGN KEY (`courseID`) REFERENCES `course` (`courseID`) ON DELETE CASCADE ON UPDATE CASCADE
) ENGINE=InnoDB AUTO_INCREMENT=1018 DEFAULT CHARSET=utf8;
/*!40101 SET character_set_client = @saved_cs_client */;

--
-- Dumping data for table `testseries`
--

LOCK TABLES `testseries` WRITE;
/*!40000 ALTER TABLE `testseries` DISABLE KEYS */;
INSERT INTO `testseries` VALUES (1001,7,'online','SimCAT',101),(1002,10,'online','Crack It',101),(1003,10,'online','Leader',102),(1004,8,'offline','Major',106),(1005,10,'online','Bull\'s Eye',104),(1006,8,'offline','Combo ',106),(1007,10,'online','Infinity Pass',103),(1008,8,'online','CAT crasher',103),(1009,10,'online','AIMCAT',102),(1010,5,'online','ARCADS',102),(1011,5,'online','AQUAD',101),(1012,10,'online','Proctored Plus',104),(1013,9,'offline','Booster',103),(1014,7,'online','GRE Intense',105),(1015,10,'online','GRE Advance',105),(1016,5,'offline','ADMAT',104),(1017,5,'online','Launch Pad',101);
/*!40000 ALTER TABLE `testseries` ENABLE KEYS */;
UNLOCK TABLES;

--
-- Table structure for table `transaction`
--

DROP TABLE IF EXISTS `transaction`;
/*!40101 SET @saved_cs_client     = @@character_set_client */;
/*!50503 SET character_set_client = utf8mb4 */;
CREATE TABLE `transaction` (
  `transactionID` int NOT NULL AUTO_INCREMENT,
  `amount` float NOT NULL,
  `transactionDate` date NOT NULL,
  `transactionTime` time NOT NULL,
  `verified` bit(1) NOT NULL,
  `mode` varchar(255) NOT NULL,
  `token` varchar(255) DEFAULT NULL,
  PRIMARY KEY (`transactionID`),
  UNIQUE KEY `token` (`token`)
) ENGINE=InnoDB AUTO_INCREMENT=10000301 DEFAULT CHARSET=utf8;
/*!40101 SET character_set_client = @saved_cs_client */;

--
-- Dumping data for table `transaction`
--

LOCK TABLES `transaction` WRITE;
/*!40000 ALTER TABLE `transaction` DISABLE KEYS */;
INSERT INTO `transaction` VALUES (10000001,4000,'2020-02-16','14:00:52',_binary '','offline','5f8e988b-a75f-4726-90d6-4d6859c5a287'),(10000003,4000,'2020-07-09','03:02:00',_binary '','online','9e919ba2-5d8c-4c45-b183-ac6e16065050'),(10000004,10000,'2019-11-16','08:08:35',_binary '','offline','224cac59-406d-4cad-ac05-7b710afe8f91'),(10000005,6000,'2020-10-16','07:34:12',_binary '','offline','666c36f1-adb5-4ecd-bc90-12d4b4be5b97'),(10000008,4000,'2020-07-20','13:31:15',_binary '','online','6c115514-c94c-40b4-b910-ca4d82ca1d62'),(10000010,6000,'2020-09-30','11:51:13',_binary '','offline','08825864-c10e-44af-802d-c28db3df609c'),(10000011,6000,'2020-09-25','21:08:54',_binary '','offline','5fef8ee0-fe36-4cc9-aa9b-27b1bae999f2'),(10000012,2000,'2020-03-22','03:30:01',_binary '','online','74d856a1-20d7-45a4-a1e4-903a1ee9f743'),(10000015,4000,'2020-01-07','23:13:43',_binary '','offline','9492c483-f752-4242-b214-d51151d77376'),(10000017,6000,'2020-05-09','16:07:23',_binary '','offline','0f826b76-4f91-40ca-9124-5f11849bc584'),(10000018,2000,'2020-04-17','11:34:00',_binary '','offline','2706bb5a-e5b2-4277-a8a1-e2471715aa6f'),(10000019,6000,'2020-04-29','18:55:03',_binary '','online','44117aeb-25d2-4bcf-adaa-c46b2e213fcc'),(10000022,10000,'2020-11-08','22:45:52',_binary '','offline','1dcd97a0-1f81-48e2-859e-1091b69c20f2'),(10000024,2000,'2020-08-17','05:07:36',_binary '','offline','9850fdfa-ffda-490c-9efd-b45387b707fb'),(10000025,5000,'2020-06-28','02:59:32',_binary '','online','12b6dc11-b468-4578-a155-625e83564b3c'),(10000026,4000,'2020-06-17','13:50:51',_binary '','online','8517efc2-d020-4f52-82ff-49d0909ba493'),(10000029,6000,'2020-02-26','09:46:35',_binary '','online','7c6d4871-e9bc-4281-bda7-523b24056a51'),(10000031,6000,'2020-04-27','23:32:46',_binary '','online','9f966fde-17c6-423d-bfe7-52bf0d718c1c'),(10000032,4000,'2020-01-30','21:00:35',_binary '','online','dc9a3f21-7a0f-4867-a17a-4cbd217d4e80'),(10000033,4000,'2020-04-21','04:47:35',_binary '','online','4710c3ff-4a2a-4c1a-9912-b4f16efda7a6'),(10000036,2000,'2020-02-25','18:44:19',_binary '','offline','c7676a53-26c6-4601-aaa6-ea7f332c9386'),(10000038,5000,'2020-03-26','23:37:49',_binary '','online','01aad1a3-4b6a-471a-8af1-18e70c36c87d'),(10000039,5000,'2020-09-04','13:45:06',_binary '','offline','ac541ada-a380-42f0-af36-6690b1478e7f'),(10000040,10000,'2020-01-03','16:15:39',_binary '','offline','b0b38821-cbb6-4738-b90c-cb80b0128a0a'),(10000043,6000,'2020-07-12','11:36:51',_binary '','offline','0b1cd95a-a689-4c3f-acda-72d1322cb306'),(10000045,5000,'2020-02-27','08:16:03',_binary '','offline','ea99cff7-79b5-45e3-912a-c41b96c70f78'),(10000046,10000,'2020-08-22','11:24:31',_binary '','offline','3601a93a-09c3-4c88-bf5a-078b453d576f'),(10000047,6000,'2020-10-11','02:59:29',_binary '','online','00c40bfc-b4d7-4e70-a066-2f8facf3c32b'),(10000050,5000,'2019-12-05','19:53:38',_binary '','online','888ac445-2281-4813-ab32-787af5f97c0c'),(10000052,10000,'2020-03-18','21:28:33',_binary '','offline','96b481a5-325d-4456-9e12-75de91eb52c3'),(10000053,6000,'2020-03-15','04:55:18',_binary '','offline','20f02392-93fc-45c5-8732-5711dafb709e'),(10000054,2000,'2020-09-03','15:07:15',_binary '','online','4163d388-6e16-4b53-9236-62373578c66c'),(10000057,5000,'2019-11-28','01:04:34',_binary '','online','e4288646-36e7-41da-9d9c-c10ba58b2812'),(10000059,6000,'2020-08-19','09:50:59',_binary '','offline','7d0f06b0-eef5-4fd4-aaa7-ebd5c149896d'),(10000060,2000,'2020-04-13','08:37:37',_binary '','offline','fa177f65-fb9c-43b8-bbf5-3fae8d73eefe'),(10000061,6000,'2020-02-12','21:04:46',_binary '','online','ef2e2480-a9e0-4469-a978-96948314faca'),(10000064,6000,'2020-08-05','08:17:20',_binary '','offline','c6698d99-dfce-4390-a002-fb95bbb67085'),(10000066,2000,'2019-11-29','16:25:36',_binary '','offline','4e790459-3237-432f-8dfb-bbb71516d7d1'),(10000067,4000,'2020-01-16','04:18:07',_binary '','online','4438efd8-7e60-4da0-bfa9-ac0363ec1b4f'),(10000068,4000,'2019-12-29','12:03:19',_binary '','offline','0d4ddea8-282c-4981-b622-f256f8ed8e8f'),(10000071,6000,'2020-04-03','00:01:00',_binary '','online','a0dbebf9-68c2-4281-a45b-4c3021758745'),(10000073,6000,'2020-04-20','02:01:53',_binary '','offline','16479ebd-4eac-4802-9241-d80484f2c06c'),(10000074,4000,'2020-06-16','12:10:14',_binary '','online','ac01b3b6-2dbd-40af-a15b-931c0f98617b'),(10000075,4000,'2020-10-08','04:28:03',_binary '','offline','74068028-e64f-40d3-a99e-4c59e6e83100'),(10000078,2000,'2020-08-22','16:12:32',_binary '','online','638bc4a5-8a29-4c85-a943-2685cfc3d179'),(10000080,4000,'2020-03-11','15:43:44',_binary '','online','d075dbad-10ac-4093-aee2-ff3232229a14'),(10000081,4000,'2020-09-11','20:30:14',_binary '','offline','700821a4-4b4e-4622-8c0a-afa11f4c531f'),(10000082,6000,'2020-10-19','07:17:47',_binary '','online','ee414662-f3b3-414b-b49c-6d2c1d405d01'),(10000085,4000,'2020-01-26','11:42:43',_binary '','online','f68ad949-f3fa-41bb-be1d-27f2546898f2'),(10000087,5000,'2020-02-02','16:13:19',_binary '','online','449c1427-3e94-4ead-b483-951b5695afb4'),(10000088,6000,'2019-11-27','13:56:39',_binary '','online','872e4941-0c38-4b97-b8e6-1ccf37dea0ff'),(10000089,6000,'2020-05-16','03:43:22',_binary '','online','d39fd2dc-1ad0-4fa8-8d02-674842a5f8bf'),(10000092,5000,'2020-06-21','02:57:22',_binary '','online','21b194a6-7d15-4304-a5b8-674f539bd6a3'),(10000094,6000,'2020-01-12','18:08:00',_binary '','offline','6ca51830-d06c-47cd-8fa6-ebdc2ee5dcf4'),(10000095,6000,'2020-03-22','11:57:35',_binary '','offline','886f02b0-1665-47af-9b81-ff5a89b3efd7'),(10000096,2000,'2020-10-17','05:47:06',_binary '','online','c47ec027-e915-4a0a-abe8-a61565bf0907'),(10000099,4000,'2020-10-19','23:02:12',_binary '','online','6a97699f-13a4-4486-b270-bc4f2c002a9e'),(10000101,6000,'2020-05-03','04:59:07',_binary '','online','b13d0c1c-bab1-4a5b-a43a-ffc290aefbfa'),(10000102,2000,'2020-07-05','01:39:48',_binary '','online','d00e4699-e624-48f9-8ee5-c0f19613d5e3'),(10000103,5000,'2019-11-19','09:04:12',_binary '','offline','8a8d1ef9-8e09-4bd6-9436-3eb655b60d3d'),(10000106,10000,'2020-08-17','19:33:08',_binary '','online','db19095d-1287-48e1-815e-e57d590a5954'),(10000108,2000,'2019-11-24','03:03:50',_binary '','online','65b39cf4-e44b-4171-bc0a-1780c3b8f4d7'),(10000109,6000,'2020-05-02','20:25:52',_binary '','offline','02777a39-4c04-4457-b399-e815bf6ee1af'),(10000110,5000,'2020-05-04','02:21:23',_binary '','online','5b7d729b-ed93-45f6-b785-9c7a9e76a5cf'),(10000113,6000,'2020-03-15','20:16:13',_binary '','online','3f0c83db-5be6-4663-afe6-025d146a9775'),(10000115,5000,'2020-10-14','22:47:01',_binary '','online','6a458dcd-afa2-4715-acf7-60b252a37205'),(10000116,4000,'2020-11-11','03:05:41',_binary '','online','1e6972ca-2333-4011-a63c-5e4bf3c88f12'),(10000117,4000,'2020-09-23','04:26:27',_binary '','online','11d3cd61-50dc-40b9-be9d-af9129fe07d1'),(10000120,2000,'2019-12-08','17:47:12',_binary '','offline','04ee81f4-19ee-4be9-b4ec-c8eace9c6012'),(10000122,5000,'2020-06-28','13:29:25',_binary '','offline','77c05d9f-3f70-4a00-9290-e8b683541bdb'),(10000123,5000,'2020-08-21','20:48:29',_binary '','online','da2aaa69-698f-4ec1-ae51-70ca0edfa401'),(10000124,6000,'2020-01-06','21:06:44',_binary '','online','01ec3b2d-f7bf-4bd7-89ef-417de5260528'),(10000127,5000,'2020-02-01','10:15:01',_binary '','offline','f6c265e2-3fe7-4225-b061-1ac9049789f6'),(10000129,5000,'2019-11-27','23:06:53',_binary '','online','38eb44fd-b956-42a3-8d2e-b41979cca28f'),(10000130,10000,'2020-05-20','16:05:52',_binary '','online','f6f1c84f-cf07-4032-af92-40d8f9c033d4'),(10000131,6000,'2020-10-14','20:46:33',_binary '','online','beff6ca0-7c06-4e7b-b170-164823b94cc3'),(10000134,5000,'2020-04-08','18:04:46',_binary '','offline','f1c86630-5e0d-457d-9602-e5ab58654fc1'),(10000136,6000,'2020-10-25','04:19:41',_binary '','online','b3adae2e-6803-4058-8a1b-011d370b57b4'),(10000137,6000,'2019-12-31','11:41:57',_binary '','offline','ade4da70-360d-42d6-9dde-7ab2a28c1f3a'),(10000138,2000,'2020-09-27','22:31:11',_binary '','offline','c723fa80-8ffd-442a-960a-b4c35354016d'),(10000141,4000,'2020-07-17','11:05:42',_binary '','online','7e3603b6-1250-4cde-ac80-eb819c5c5159'),(10000143,6000,'2020-06-11','00:30:04',_binary '','online','bf62e6de-28c6-4749-9e71-23a7f7914a39'),(10000144,2000,'2020-11-02','17:50:55',_binary '','online','de7dfa41-79bd-4f95-afc0-f61681dca6b9'),(10000145,4000,'2020-06-26','19:16:37',_binary '','offline','a18132a6-a174-4a8d-acb0-574fe24c85ff'),(10000148,6000,'2020-09-10','14:32:18',_binary '','online','f066dfc9-50e1-4ed8-887d-3a68387f3efe'),(10000150,2000,'2020-01-31','12:31:18',_binary '','online','c610b5dc-0b64-4bc1-8bb1-2b8b2fbe54d9'),(10000151,5000,'2020-07-10','06:08:56',_binary '','online','cbc4cb62-b566-409d-ad85-d583f71eea69'),(10000152,4000,'2020-03-28','10:06:55',_binary '','online','00ec9b74-1a4e-437f-980d-47c96a026a8c'),(10000155,6000,'2020-05-15','07:12:50',_binary '','online','2c05fca4-af72-456e-8761-60385e4241fd'),(10000157,6000,'2019-12-26','08:55:32',_binary '','online','d31fcf73-7658-4859-9aee-39f8b46bb92d'),(10000158,4000,'2020-02-02','04:35:59',_binary '','online','e5576dff-cb2f-413c-8f9e-3b0a2920bd26'),(10000159,4000,'2020-06-29','15:57:08',_binary '','offline','b561105c-f54a-4c2a-8fe8-209436b20992'),(10000162,2000,'2020-11-07','01:32:03',_binary '','offline','53f21871-1f8b-4f0c-92bb-b15371a84044'),(10000164,4000,'2019-12-28','19:54:27',_binary '','online','d203a19b-0d4e-4500-ba04-8ec5dfee32ca'),(10000165,4000,'2020-06-17','09:29:44',_binary '','online','41a42214-027c-4523-aebb-5099db88cb77'),(10000166,6000,'2020-07-25','16:35:30',_binary '','online','6467f19f-e82e-4b99-9af6-7879f5931022'),(10000169,6000,'2020-04-09','03:41:38',_binary '','online','70ca2772-9535-4d76-9708-b528723dc990'),(10000171,5000,'2020-08-13','11:24:22',_binary '','online','2595edcb-d57f-453d-afa3-97bbfcd20c7e'),(10000172,6000,'2020-01-26','19:09:03',_binary '','online','f1c08fea-c975-43cb-af80-f937c588d9f1'),(10000173,6000,'2020-06-21','18:50:42',_binary '','offline','0ef3de46-ea17-49c5-8910-3f3b3539216a'),(10000176,4000,'2020-09-13','14:51:31',_binary '','online','6180f815-4980-420c-ba34-4c2502bb14a4'),(10000178,10000,'2020-09-07','13:07:13',_binary '','online','c74bedc6-01e8-4992-afe5-a5c0359f6362'),(10000179,6000,'2020-04-20','19:34:46',_binary '','offline','e7e51656-945e-4f09-bc29-6a1bb74df574'),(10000180,2000,'2020-05-02','17:40:40',_binary '','offline','61c453f5-672f-46b9-8cb9-140258f13017'),(10000183,4000,'2020-08-22','12:07:41',_binary '','offline','b2a39f93-d1fd-4212-ab4b-fc1e94771269'),(10000185,6000,'2019-11-15','22:33:21',_binary '','offline','56f9ac7d-8a17-4f05-986f-db2865223834'),(10000186,2000,'2019-12-04','17:57:20',_binary '','online','f2a5d875-76f9-4ef6-a060-3ba59786a6de'),(10000187,6000,'2019-12-14','12:22:21',_binary '','offline','b8a3e415-bbef-4573-ab67-db40c70b03f5'),(10000190,10000,'2020-07-09','03:31:04',_binary '','online','63db4c6f-71d8-444b-8e83-bd395476c8d4'),(10000192,2000,'2020-03-17','07:31:07',_binary '','online','1c96d3a4-fc0a-418d-a4f4-3e37bcc8edae'),(10000193,4000,'2020-01-26','14:13:49',_binary '','offline','78ea4c81-6f45-4aec-bdec-cde2919369b5'),(10000194,5000,'2019-12-28','01:55:17',_binary '','offline','103e444b-3665-4642-a1f6-655e0412da6a'),(10000197,6000,'2020-05-04','09:22:47',_binary '','online','f9eda900-b509-4b5b-9200-b8bda843f11c'),(10000199,6000,'2019-11-16','06:31:41',_binary '','online','f4d1cca2-38e1-4ee9-be42-932c3c02c147'),(10000200,5000,'2020-03-27','18:18:50',_binary '','online','535d5ca6-9b1c-47a9-9eb8-00c54e08c56b'),(10000201,5000,'2020-04-28','23:50:49',_binary '','offline','9ab17253-94ef-4b99-82cd-8c790c682594'),(10000204,2000,'2020-03-15','01:07:11',_binary '','online','1dbc9b45-5af3-47f8-89f5-f3ef928e6bfa'),(10000206,4000,'2020-10-05','13:05:33',_binary '','offline','e53a8c6d-0a66-4af6-9163-7ff155682ecc'),(10000207,4000,'2020-02-21','09:20:21',_binary '','offline','89afa50d-5384-4c20-a568-df3a664b44ee'),(10000208,10000,'2020-04-19','04:23:25',_binary '','online','ec2f59ea-926f-408e-9833-aa6544b67291'),(10000211,5000,'2020-05-22','21:26:06',_binary '','offline','5b7d7d60-9de2-4cbc-84e1-3c663614b220'),(10000213,4000,'2020-03-03','19:40:25',_binary '','online','9068e009-1764-4eeb-b7dd-37322dc20b2b'),(10000214,10000,'2020-04-17','15:31:27',_binary '','offline','fac28c05-7003-4bd3-9e8f-6bfa7a14116b'),(10000215,6000,'2020-05-15','01:03:58',_binary '','online','85ac6b08-a36a-40c2-9a0f-e11b27f3d481'),(10000218,4000,'2020-09-25','17:21:36',_binary '','online','6b0d704b-99d8-461c-a526-e45f2a76c96a'),(10000220,6000,'2020-02-04','22:23:27',_binary '','online','9cb19256-e7c5-4f00-ac55-3a9e8036eef2'),(10000221,6000,'2020-09-01','02:43:53',_binary '','offline','2d9b87ec-52c5-4f34-83c2-675b96c8c949'),(10000222,2000,'2020-06-21','19:36:42',_binary '','offline','a4f0888a-c353-452e-bdca-d28a7d1afab4'),(10000225,5000,'2020-08-19','07:19:53',_binary '','online','bacd7afd-eed3-4aed-82dc-3dd5f2129322'),(10000227,6000,'2020-06-23','01:50:42',_binary '','online','623a576d-777b-45d1-9f45-29d566283f75'),(10000228,2000,'2020-09-23','17:02:54',_binary '','online','3ba2f544-6b6e-438b-9ae4-207d5dd1a669'),(10000229,5000,'2020-04-07','21:25:03',_binary '','online','16d32d36-b4c8-46d3-a2a0-4b428ad91975'),(10000232,10000,'2020-01-24','12:44:51',_binary '','offline','82a0d5f0-c6ff-46a0-929b-efe3a5ffa026'),(10000234,2000,'2019-12-28','10:28:35',_binary '','online','66b43d2c-5793-4b9c-bfc6-afe88f7095b4'),(10000235,5000,'2020-10-06','14:17:13',_binary '','offline','d6f41892-addb-451b-b564-550d7925ccaa'),(10000236,4000,'2020-03-15','06:46:38',_binary '','online','b8c227ae-c22d-4c01-84e1-2ee24df85b2f'),(10000239,6000,'2020-04-26','16:07:13',_binary '','online','9af907c1-56d7-4f45-a980-c21908758603'),(10000241,5000,'2020-06-01','06:50:50',_binary '','online','ed5649c3-046a-4ebd-8375-e2af52345976'),(10000242,4000,'2020-06-17','07:48:02',_binary '','offline','b25d0e03-4725-4ad8-9901-bbd3596def07'),(10000243,5000,'2020-07-22','17:13:00',_binary '','online','875f813c-576c-4b44-a295-4b187a8bd54a'),(10000246,2000,'2020-04-02','03:23:30',_binary '','offline','6b76c572-6d04-46eb-a7d9-2727fe3b7c12'),(10000248,5000,'2020-03-26','15:41:20',_binary '','online','55d93fe4-3319-46cf-a40f-5c6a6b2e66ce'),(10000249,4000,'2020-03-27','14:16:39',_binary '','offline','cc38ff55-cbb9-4a27-a4a7-16b62ac7b6e8'),(10000250,10000,'2020-10-06','13:31:59',_binary '','offline','18d65da8-69e1-4759-a04c-fdc1cfc11c8c'),(10000253,5000,'2019-11-30','20:42:52',_binary '','online','5241a8d6-f891-4286-9495-a3ced4f21c50'),(10000255,4000,'2020-03-12','02:17:42',_binary '','online','51577426-6267-4394-ac80-67cf2a913eb8'),(10000256,6000,'2020-07-27','06:31:23',_binary '','online','27cebaca-e7d6-4e89-8549-8acdbde758c9'),(10000257,6000,'2019-12-04','15:04:39',_binary '','online','f4f05566-e3c0-4baf-a018-7df0196febb7'),(10000260,4000,'2020-07-12','16:46:19',_binary '','offline','5d9e735f-7165-4dfc-a73d-973ee4b4c786'),(10000262,6000,'2020-02-27','20:14:17',_binary '','online','3b3169c6-5ff4-45e9-b65d-bde763a1d97f'),(10000263,6000,'2020-04-25','10:11:46',_binary '','online','9e055328-5640-4283-b818-e4372f197acf'),(10000264,2000,'2020-02-23','16:36:37',_binary '','online','7c762be5-f2bf-4f6c-ab2b-9fe3291e4e0b'),(10000267,5000,'2020-02-08','16:03:08',_binary '','online','a06c0684-2dac-4fdc-b2e5-ff4b4608c547'),(10000269,6000,'2020-06-26','07:45:34',_binary '','online','4ef53dc9-e029-44f0-95cb-d7ed99f8dab5'),(10000270,2000,'2020-03-14','18:41:33',_binary '','online','2f458958-af9a-4bcf-9617-0601f29d2130'),(10000271,4000,'2020-03-07','09:17:50',_binary '','offline','73a2329f-832e-491d-a898-39a22e347e6c'),(10000274,6000,'2020-06-02','17:06:43',_binary '','online','979fef72-0a75-4404-87f2-86538250843b'),(10000276,2000,'2020-04-05','10:51:51',_binary '','offline','0f975c00-02e5-4e74-b20f-7c5f1abf3807'),(10000277,4000,'2020-04-06','14:41:13',_binary '','offline','78dc2029-ea1d-4226-8ab2-0f9c9197964b'),(10000278,5000,'2020-10-14','21:00:12',_binary '','offline','55f89a8c-3da9-42b9-b3f6-d1e53ff70c4a'),(10000281,6000,'2020-02-04','22:43:50',_binary '','online','12fb24c4-5006-4264-b255-71615a86baec'),(10000283,5000,'2020-04-02','15:53:13',_binary '','online','119257bf-62d4-4f52-bc3a-ff2eed77452c'),(10000284,4000,'2020-03-16','10:58:16',_binary '','offline','af1f2a79-d89b-43e5-ab9d-5d532fda4d96'),(10000285,5000,'2020-09-14','17:45:53',_binary '','offline','d632c258-5dd2-4f1c-adb8-a8618b22a9d2'),(10000288,2000,'2020-07-11','02:33:48',_binary '','offline','715b5c16-1537-4f37-a648-d25bfa1b0e99'),(10000290,4000,'2020-07-18','22:26:56',_binary '','offline','0b00bab5-a7f2-4700-a14e-ac5564182ceb'),(10000291,5000,'2020-10-02','14:13:04',_binary '','offline','acf873c1-a8d4-439d-aa97-edf69ee46eba'),(10000292,10000,'2020-06-16','22:03:37',_binary '','offline','25e378ee-1275-4bb3-af1d-c8bc57d19fd2'),(10000295,4000,'2020-04-22','15:47:18',_binary '','online','811e7584-0c8d-4991-a131-d5d52147b240'),(10000297,4000,'2020-09-01','22:21:17',_binary '','online','a946a024-539e-4a33-8c52-c607b71e6d77'),(10000298,6000,'2020-09-19','03:35:20',_binary '','offline','0c7a89c9-f85e-4739-bdb1-83f240a652b3'),(10000299,6000,'2019-12-16','21:59:20',_binary '','offline','7ae57e4d-a486-4f47-a701-611c8564868e');
/*!40000 ALTER TABLE `transaction` ENABLE KEYS */;
UNLOCK TABLES;

--
-- Table structure for table `user`
--

DROP TABLE IF EXISTS `user`;
/*!40101 SET @saved_cs_client     = @@character_set_client */;
/*!50503 SET character_set_client = utf8mb4 */;
CREATE TABLE `user` (
  `username` varchar(255) NOT NULL,
  `adhaarNumber` bigint DEFAULT NULL,
  `birthDate` date DEFAULT NULL,
  `city` varchar(255) DEFAULT NULL,
  `country` varchar(255) DEFAULT NULL,
  `emailID` varchar(255) NOT NULL,
  `firstName` varchar(255) DEFAULT NULL,
  `gender` varchar(255) DEFAULT NULL,
  `active` tinyint(1) NOT NULL,
  `lastName` varchar(255) DEFAULT NULL,
  `middleName` varchar(255) DEFAULT NULL,
  `password` varchar(255) NOT NULL,
  `role` varchar(255) NOT NULL,
  `state` varchar(255) DEFAULT NULL,
  `street` varchar(255) DEFAULT NULL,
  `token` varchar(200) DEFAULT NULL,
  `phone` bigint NOT NULL DEFAULT '0',
  PRIMARY KEY (`username`),
  UNIQUE KEY `adhaarNumber` (`adhaarNumber`),
  UNIQUE KEY `token` (`token`)
) ENGINE=InnoDB DEFAULT CHARSET=utf8;
/*!40101 SET character_set_client = @saved_cs_client */;

--
-- Dumping data for table `user`
--

LOCK TABLES `user` WRITE;
/*!40000 ALTER TABLE `user` DISABLE KEYS */;
INSERT INTO `user` VALUES ('admin',0,NULL,NULL,NULL,'dbms@harshit.com','unnamed',NULL,1,'unnamed1',NULL,'$2a$10$r8BEcuikMy4uFPwwNmfTjOYmHK6QXMD.mUj/cGJahPR60xBlMKKTC','admin',NULL,NULL,NULL,0),('faculty1',123454321456,'1991-01-06','Delhi','India','aishami@gmail.com','Aisha','Female',1,'Mittal','','$2a$10$xnG/uZDEhutJsdZ9xP7jr.qN8u4g6wF/Yn3aiorCEwwm8wexgxKd2','faculty','Delhi','Chandni Chowk','342d3a44-e1ad-4f76-8434-f44819fa947b',7677654576),('faculty2',123454321234,'1991-01-09','Delhi','India','hrshtagrawal60@gmail.com','Amar','Male',1,'Singh','Pratap','$2a$10$ka.N9WbTAnftr8m2MKxLceSArth5UqjIgtY9XIHgkkpDET2T4I8K2','faculty','Delhi','Paharganj','f96029c1-baa7-4e0b-9f0f-dabf2fe1a7ee',7867654565),('faculty3',123456781234,'2020-04-29','Ramgarh Cantt','India','harshit.agr29@gmail.com','Harshit','Male',1,'Agrawal','','$2a$10$C5/f7S4ntfQa7KF0qdlSb.JQ9yuDoGOWjoWKgEtsgF.6kFtNcdiO6','faculty','Jharkhand','Naisarai','fb8e85bf-1ec3-47db-bb41-38faf152c349',7091640878),('faculty4',123454111254,'1991-01-06','Delhi','India','kumarsien@gmail.com','Ishita','Female',1,'Agrawal','','$2a$10$T4IumgiZOSeHcfkd21deceoR6SytEekbi7i5Lb.GtvETAncfnGiYi','faculty','Delhi','Chandni Chowk','96c980b0-2ffe-45d3-ad7f-44fa11a96fb8',7677654511),('faculty5',123454321235,'1991-01-06','Delhi','India','kumarsien@gmail.com','Kumar','Male',1,'Singh','','$2a$10$OgzUM9Nmh9C98OakPFYUZ.KBexfRc6RVLG6oxfwqM/SCseYK5l0wq','faculty','Delhi','Chandni Chowk','f366ae00-361e-4474-8da2-3004c9b29155',7677654565),('faculty6',123454321254,'1991-01-06','Delhi','India','ravisegk@gmail.com','Ravi','Male',1,'Sen','','$2a$10$pn23cJKUnKKcYRV2S/3F3eHGb2VK7W2yYkwkw84vqPJWi2kpZ839O','faculty','Delhi','Chandni Chowk','aa6d7eac-9d9c-477d-8872-52d49e2e030f',7677654576),('faculty7',123454321458,'1991-01-06','Delhi','India','rohankhma@gmail.com','Rohan','Male',1,'Khandelwal','','$2a$10$PIQRh9JvRsWy.pkI79bjyubHUod/1DoCuhGxSc8HQ8BaOlClwHgcq','faculty','Delhi','Chandni Chowk','ecd305f8-2f8a-46c9-b4ea-e7b50c9c53cf',9677654576),('faculty8',123454166254,'1991-01-06','Delhi','India','sohamshgk@gmail.com','Soham','Male',1,'Sharma','Kumar','$2a$10$4QoKAv.SnmbUDodC.JdObeIZgxAU1RabhSCSCckNFmfzb2Fe0/L0q','faculty','Delhi','Chandni Chowk','f1e3c9a9-06c4-4869-a027-c190d54e8870',7227654511),('staff1',877787654345,'1993-06-16','Delhi','India','harshit.agr29@gmail.com','Dinkar','Male',1,'Prabhat','Kumar','$2a$10$IRhEfDKr5YDeq2C9dybvvOTgClY5Jyg00PpDsWZXVmtm.mnchvoqa','staff','Delhi','Rani Nagar','72f879c9-e80a-4c5c-8656-2a0b307015dc',9935678765),('staff2',756787654345,'1992-06-05','Delhi','India','maheshtrst29@gmail.com','Mahesh','Male',0,'Tripathi','','$2a$10$jUVCHnG.Egkg1MBSq3UEn.brdk3fADgkI8wiCbiSZRq7dMX668.6i','staff','Delhi','Rani Nagar','19a325f4-3f12-41b3-8dfa-30b07bfee2af',8765678765),('staff3',886787654345,'1993-06-20','Delhi','India','shashisist29@gmail.com','Shashi','Male',0,'Sinha','','$2a$10$CnnXOgd1kTW0vohwSGLmKupErVt4yo1ojNdX0wf5IPt9DDDwrYEIy','staff','Delhi','Rani Nagar','0df9e281-cc2e-4adc-95b9-20bdd0b2742a',8335678765),('student1',93029406867751,'1998-06-19','Mumbai','India','AmandaDavis23@gmail.com','Amanda','Male',1,'Davis','','$2y$12$LBkW/3fd7DpoMaWV.IOp.emNyptEn0ib9B/trudKQSDO7MrbIpzvi','student','Maharashtra','219 Thomas Heights Suite 856','56b6ae0f-1057-4d99-9ba9-8cf9ddf817fe',9303982483),('student10',95390344841158,'1999-09-22','Varanasi','India','BrandonMcpherson9@gmail.com','Brandon','Male',1,'Mcpherson','','$2y$12$LBkW/3fd7DpoMaWV.IOp.emNyptEn0ib9B/trudKQSDO7MrbIpzvi','student','UP','0184 Sanders Skyway','f6c2f2a9-9331-4ff0-9a9b-4c364e5038e2',9370967200),('student11',95206412802860,'1999-10-30','Ranchi','India','BriannaRiley22@gmail.com','Brianna','Male',1,'Riley','','$2y$12$LBkW/3fd7DpoMaWV.IOp.emNyptEn0ib9B/trudKQSDO7MrbIpzvi','student','Jharkhand','5974 Carrillo Motorway','c66ebd45-6e65-4fe2-8424-428f2bc89b9e',9774400337),('student12',95841520612252,'1997-05-21','Varanasi','India','CaitlinPage8@gmail.com','Caitlin','Male',1,'Page','','$2y$12$LBkW/3fd7DpoMaWV.IOp.emNyptEn0ib9B/trudKQSDO7MrbIpzvi','student','UP','099 Thomas Forge Apt. 273','ec8073c7-ea2e-44d9-a81f-dc92f6dcab14',9791778964),('student13',93406637166778,'1999-11-09','Jaipur','India','ChristopherHinton29@gmail.com','Christopher','Male',1,'Hinton','','$2y$12$LBkW/3fd7DpoMaWV.IOp.emNyptEn0ib9B/trudKQSDO7MrbIpzvi','student','Rajasthan','2763 Samantha Haven','d8e73113-e52f-48e8-aeda-b5b3dea3718a',9755540761),('student14',94148788644505,'2000-04-05','Ranchi','India','CindyCollins12@gmail.com','Cindy','Female',1,'Collins','','$2y$12$LBkW/3fd7DpoMaWV.IOp.emNyptEn0ib9B/trudKQSDO7MrbIpzvi','student','Jharkhand','16950 Brooks Fall Suite 292','0f1d4735-dabe-4b1c-b0c1-41655db0e453',9586925894),('student15',92812969182480,'1999-11-01','Bangalore','India','CourtneyGarcia0@gmail.com','Courtney','Female',1,'Garcia','','$2y$12$LBkW/3fd7DpoMaWV.IOp.emNyptEn0ib9B/trudKQSDO7MrbIpzvi','student','Karnatka','01881 Jennifer Locks Apt. 847','482f6c75-7f8a-45e4-94cc-0d898589b81b',9482529376),('student16',98891476869706,'2000-07-15','Mumbai','India','CynthiaCherry32@gmail.com','Cynthia','Male',1,'Cherry','','$2y$12$LBkW/3fd7DpoMaWV.IOp.emNyptEn0ib9B/trudKQSDO7MrbIpzvi','student','Maharashtra','642 Nichols Glens Apt. 607','24eff058-85a0-4130-bdee-060ee19451b1',9047745275),('student17',90653081581450,'1996-06-28','Bangalore','India','DakotaDVM34@gmail.com','Dakota','Male',1,'DVM','','$2y$12$LBkW/3fd7DpoMaWV.IOp.emNyptEn0ib9B/trudKQSDO7MrbIpzvi','student','Karnatka','68458 Monica Lodge Suite 145','9de6f96c-7c28-4835-8348-e1d27bb83808',9117088799),('student18',91850273991269,'1999-07-11','Indore','India','DawnMartin42@gmail.com','Dawn','Female',1,'Martin','','$2y$12$LBkW/3fd7DpoMaWV.IOp.emNyptEn0ib9B/trudKQSDO7MrbIpzvi','student','MP','832 Williams Mills Apt. 979','f22f22bd-3110-44cf-aadf-c4caa8cc2433',9613415749),('student19',96920201318111,'1996-04-25','Indore','India','DerekGomez20@gmail.com','Derek','Male',1,'Gomez','','$2y$12$LBkW/3fd7DpoMaWV.IOp.emNyptEn0ib9B/trudKQSDO7MrbIpzvi','student','MP','48296 Gregory Road','34897da7-dfbe-430b-90e8-5c9e36168afe',9572228261),('student2',95907943409422,'1999-02-08','Mumbai','India','AmandaRogers5@gmail.com','Amanda','Female',1,'Rogers','','$2y$12$LBkW/3fd7DpoMaWV.IOp.emNyptEn0ib9B/trudKQSDO7MrbIpzvi','student','Maharashtra','517 White Underpass Apt. 467','2f689ea1-0f55-4a1a-8ea8-149da7ef7721',9751937419),('student20',94738874484959,'1996-01-25','Indore','India','DonaldLopez4@gmail.com','Donald','Female',1,'Lopez','','$2y$12$LBkW/3fd7DpoMaWV.IOp.emNyptEn0ib9B/trudKQSDO7MrbIpzvi','student','MP','784 Ashley Stravenue','98f8d048-db01-4aa9-bcbf-319e9483f871',9901176973),('student21',98207557910700,'2000-10-09','Varanasi','India','ElizabethBaker40@gmail.com','Elizabeth','Female',1,'Baker','','$2y$12$LBkW/3fd7DpoMaWV.IOp.emNyptEn0ib9B/trudKQSDO7MrbIpzvi','student','UP','328 Jackson Stravenue','0372cbe7-85e8-45d7-b2da-7905e53a48ae',9708325928),('student22',96760837673915,'1999-12-28','Indore','India','JamieDunlap28@gmail.com','Jamie','Male',1,'Dunlap','','$2y$12$LBkW/3fd7DpoMaWV.IOp.emNyptEn0ib9B/trudKQSDO7MrbIpzvi','student','MP','5196 Taylor Mews','eb987bfc-11b6-4c69-b02a-bc176836a1c8',9577357460),('student23',96081507103729,'1997-09-15','Ranchi','India','JanetFrench6@gmail.com','Janet','Female',1,'French','','$2y$12$LBkW/3fd7DpoMaWV.IOp.emNyptEn0ib9B/trudKQSDO7MrbIpzvi','student','Jharkhand','640 Johnson Points','473b7e79-c1a4-421e-b488-ad4446dc9603',9556040614),('student24',99390167499439,'2000-10-27','Mumbai','India','JeremyThomas37@gmail.com','Jeremy','Male',1,'Thomas','','$2y$12$LBkW/3fd7DpoMaWV.IOp.emNyptEn0ib9B/trudKQSDO7MrbIpzvi','student','Maharashtra','4526 Burns Hill','c0587b31-dc2c-46b6-99ce-4326ed918992',9933609829),('student25',90215893762530,'1997-02-13','Raipur','India','JessicaChapman10@gmail.com','Jessica','Male',1,'Chapman','','$2y$12$LBkW/3fd7DpoMaWV.IOp.emNyptEn0ib9B/trudKQSDO7MrbIpzvi','student','Chhatisgarh','32906 Melissa Roads','fe2e3b83-06c0-4cbd-8a4a-3d9c05cb4e65',9347107986),('student26',94604275325292,'1996-02-07','Indore','India','JessicaJohnson7@gmail.com','Jessica','Male',1,'Johnson','','$2y$12$LBkW/3fd7DpoMaWV.IOp.emNyptEn0ib9B/trudKQSDO7MrbIpzvi','student','MP','36016 Jo Street','5535eceb-a704-476a-8299-04afe4531ddd',9732992902),('student27',96607936567350,'1999-04-07','Raipur','India','JosephSanchez19@gmail.com','Joseph','Male',1,'Sanchez','','$2y$12$LBkW/3fd7DpoMaWV.IOp.emNyptEn0ib9B/trudKQSDO7MrbIpzvi','student','Chhatisgarh','75864 Heather Neck Suite 213','62fe3765-3475-45d0-90cf-35199ae24292',9832542718),('student28',92879970016730,'1997-07-14','Indore','India','JulieMartin43@gmail.com','Julie','Male',1,'Martin','','$2y$12$LBkW/3fd7DpoMaWV.IOp.emNyptEn0ib9B/trudKQSDO7MrbIpzvi','student','MP','337 Robert Shores Suite 924','f958812f-fab6-4d61-b08d-c99191458b9b',9596418092),('student29',98877061838492,'2000-04-28','Patna','India','KarenDickerson11@gmail.com','Karen','Male',1,'Dickerson','','$2y$12$LBkW/3fd7DpoMaWV.IOp.emNyptEn0ib9B/trudKQSDO7MrbIpzvi','student','Bihar','0998 John Plains Suite 276','ba424829-0348-486d-8710-bf8b581a888e',9764406895),('student3',95524932863981,'1997-02-17','Bangalore','India','AmyAnderson31@gmail.com','Amy','Female',1,'Anderson','','$2y$12$LBkW/3fd7DpoMaWV.IOp.emNyptEn0ib9B/trudKQSDO7MrbIpzvi','student','Karnatka','70775 Brenda Ferry Apt. 668','d33f9536-6974-45d6-a9c7-9ee4432b64ab',9134316701),('student30',94457138120064,'1996-11-22','Ranchi','India','KennethPhillips27@gmail.com','Kenneth','Female',1,'Phillips','','$2y$12$LBkW/3fd7DpoMaWV.IOp.emNyptEn0ib9B/trudKQSDO7MrbIpzvi','student','Jharkhand','87376 James Meadow Apt. 331','3583a557-578b-4449-9afd-54d623704d55',9138060678),('student31',96730071331689,'1997-04-09','Mumbai','India','KimberlyMartinez48@gmail.com','Kimberly','Female',1,'Martinez','','$2y$12$LBkW/3fd7DpoMaWV.IOp.emNyptEn0ib9B/trudKQSDO7MrbIpzvi','student','Maharashtra','8608 Barbara Island','a08f6fd1-edd7-4ceb-a526-f9d5cd44b33f',9550924810),('student32',92351490915572,'1997-04-07','Varanasi','India','KristenClark2@gmail.com','Kristen','Male',1,'Clark','','$2y$12$LBkW/3fd7DpoMaWV.IOp.emNyptEn0ib9B/trudKQSDO7MrbIpzvi','student','UP','7834 Anderson Cove Suite 289','b5c6a870-6109-42fc-a6a0-5409067ed40c',9494868582),('student33',95046409735701,'1998-07-05','Jaipur','India','LeahMontgomery15@gmail.com','Leah','Female',1,'Montgomery','','$2y$12$LBkW/3fd7DpoMaWV.IOp.emNyptEn0ib9B/trudKQSDO7MrbIpzvi','student','Rajasthan','14894 Christopher Freeway','0249b02c-df97-4e76-acf5-da0c2d0e7eb9',9284869593),('student34',98005863225090,'1998-01-27','Bangalore','India','LynnPhD41@gmail.com','Lynn','Female',1,'PhD','','$2y$12$LBkW/3fd7DpoMaWV.IOp.emNyptEn0ib9B/trudKQSDO7MrbIpzvi','student','Karnatka','92075 Robinson Islands','8591a8ba-1980-4b5f-8f73-d46abc2f57b0',9863576688),('student35',96079651661162,'1997-01-23','Patna','India','MarvinMendez30@gmail.com','Marvin','Female',1,'Mendez','','$2y$12$LBkW/3fd7DpoMaWV.IOp.emNyptEn0ib9B/trudKQSDO7MrbIpzvi','student','Bihar','72292 Morris Harbors','feb35dd8-2378-4fff-ad4b-4031cdae8bb2',9666666870),('student36',90913872357811,'1999-10-13','Varanasi','India','MeganAllen35@gmail.com','Megan','Female',1,'Allen','','$2y$12$LBkW/3fd7DpoMaWV.IOp.emNyptEn0ib9B/trudKQSDO7MrbIpzvi','student','UP','55586 Roy Well','378d67f2-0499-40d1-88ed-901b620b3469',9725615413),('student37',96937671482991,'2000-02-18','Jaipur','India','MeganRosales33@gmail.com','Megan','Female',1,'Rosales','','$2y$12$LBkW/3fd7DpoMaWV.IOp.emNyptEn0ib9B/trudKQSDO7MrbIpzvi','student','Rajasthan','6710 Emily Hollow','4f9c8a75-d7a0-4f84-a16e-1b81a919cba2',9284544329),('student38',95081807318785,'1996-04-25','Patna','India','MelanieThompson36@gmail.com','Melanie','Male',1,'Thompson','','$2y$12$LBkW/3fd7DpoMaWV.IOp.emNyptEn0ib9B/trudKQSDO7MrbIpzvi','student','Bihar','8525 Hill Island','13e3c306-379c-42c6-bafa-4efddd356c11',9390987710),('student39',98680807775478,'1997-04-02','Patna','India','MichaelAnderson26@gmail.com','Michael','Male',1,'Anderson','','$2y$12$LBkW/3fd7DpoMaWV.IOp.emNyptEn0ib9B/trudKQSDO7MrbIpzvi','student','Bihar','211 Christina Fields Apt. 719','759a1f99-70e9-4fad-aeae-cf568ad71e58',9176232725),('student4',96832923957501,'1998-06-26','Jaipur','India','AndreaWatts39@gmail.com','Andrea','Female',1,'Watts','','$2y$12$LBkW/3fd7DpoMaWV.IOp.emNyptEn0ib9B/trudKQSDO7MrbIpzvi','student','Rajasthan','45217 Paula Camp','d43f4508-2285-4800-b987-f7e354106f7a',9763005900),('student40',98216858319401,'1997-01-12','Varanasi','India','MichaelBuchanan21@gmail.com','Michael','Female',1,'Buchanan','','$2y$12$LBkW/3fd7DpoMaWV.IOp.emNyptEn0ib9B/trudKQSDO7MrbIpzvi','student','UP','3796 Sean Flat Suite 869','9313051f-4994-44cf-adc5-155662eba578',9342563001),('student41',91164456748412,'1998-10-27','Mumbai','India','MichaelDalton49@gmail.com','Michael','Male',1,'Dalton','','$2y$12$LBkW/3fd7DpoMaWV.IOp.emNyptEn0ib9B/trudKQSDO7MrbIpzvi','student','Maharashtra','64603 Robert Summit','04c64522-bf7b-4a2f-bc15-10ee12467309',9357953462),('student42',98249541390666,'1998-08-20','Bangalore','India','MichaelGallegos14@gmail.com','Michael','Female',1,'Gallegos','','$2y$12$LBkW/3fd7DpoMaWV.IOp.emNyptEn0ib9B/trudKQSDO7MrbIpzvi','student','Karnatka','7508 Bartlett Stream Apt. 109','d60ff3ab-6d42-46a6-8bd6-7e211b1608e6',9282445829),('student43',94732464702579,'1998-09-26','Mumbai','India','MistyArnold25@gmail.com','Misty','Female',1,'Arnold','','$2y$12$LBkW/3fd7DpoMaWV.IOp.emNyptEn0ib9B/trudKQSDO7MrbIpzvi','student','Maharashtra','646 David Plaza Apt. 137','2341e670-beed-406a-b491-18e4f2e2117e',9949453071),('student44',94454263413188,'1998-01-29','Bangalore','India','NathanHernandez16@gmail.com','Nathan','Male',1,'Hernandez','','$2y$12$LBkW/3fd7DpoMaWV.IOp.emNyptEn0ib9B/trudKQSDO7MrbIpzvi','student','Karnatka','06718 Baker Expressway','115cf05e-799b-4cf4-a43f-beb8ac92a5b5',9692479890),('student45',92320748250256,'1998-03-17','Indore','India','PamelaDoyle1@gmail.com','Pamela','Male',1,'Doyle','','$2y$12$LBkW/3fd7DpoMaWV.IOp.emNyptEn0ib9B/trudKQSDO7MrbIpzvi','student','MP','8554 Mitchell Cove','8032a554-57e3-474f-bd95-8b339db9db11',9701331023),('student46',93882327725341,'1999-07-06','Varanasi','India','PaulMyers46@gmail.com','Paul','Male',1,'Myers','','$2y$12$LBkW/3fd7DpoMaWV.IOp.emNyptEn0ib9B/trudKQSDO7MrbIpzvi','student','UP','80903 Susan Junction Suite 278','8726cfa3-0595-4892-a905-c52c29cf3c05',9285529942),('student47',91031064307105,'1997-03-13','Indore','India','RebeccaTorres38@gmail.com','Rebecca','Female',1,'Torres','','$2y$12$LBkW/3fd7DpoMaWV.IOp.emNyptEn0ib9B/trudKQSDO7MrbIpzvi','student','MP','1604 Moore Plain Apt. 010','68fa5465-ab20-4a40-b5a1-1540883b6383',9816658799),('student48',92410334805662,'1997-03-29','Varanasi','India','ReneeLong45@gmail.com','Renee','Female',1,'Long','','$2y$12$LBkW/3fd7DpoMaWV.IOp.emNyptEn0ib9B/trudKQSDO7MrbIpzvi','student','UP','9151 William Common','7c934fa6-013c-4cd9-9823-062f14c2fd4d',9436138111),('student49',99947114316404,'1997-03-19','Varanasi','India','TimothyKelly44@gmail.com','Timothy','Female',1,'Kelly','','$2y$12$LBkW/3fd7DpoMaWV.IOp.emNyptEn0ib9B/trudKQSDO7MrbIpzvi','student','UP','1132 Shawn Summit','7a26f559-371b-431d-9d18-0059baaf5415',9954182993),('student5',97902705763659,'1996-09-01','Patna','India','AutumnVance17@gmail.com','Autumn','Female',1,'Vance','','$2y$12$LBkW/3fd7DpoMaWV.IOp.emNyptEn0ib9B/trudKQSDO7MrbIpzvi','student','Bihar','962 Stephanie Village','bfdfe196-d4df-43b6-8a70-e5ba1bcf25d2',9961543501),('student50',99421271968187,'1995-12-03','Patna','India','WilliamBerry18@gmail.com','William','Female',1,'Berry','','$2y$12$LBkW/3fd7DpoMaWV.IOp.emNyptEn0ib9B/trudKQSDO7MrbIpzvi','student','Bihar','8650 Li Loop','f4d2e522-9aaa-4d5b-9444-fb69726140ec',9905113112),('student6',91545820013749,'1998-02-07','Raipur','India','BenjaminMccarthy47@gmail.com','Benjamin','Male',1,'Mccarthy','','$2y$12$LBkW/3fd7DpoMaWV.IOp.emNyptEn0ib9B/trudKQSDO7MrbIpzvi','student','Chhatisgarh','898 Daniel Spur Suite 410','056b805b-0d0c-488b-ad49-bc0cb1c1e1ec',9077336196),('student7',95704276083343,'1996-02-18','Jaipur','India','BenjaminPrice13@gmail.com','Benjamin','Male',1,'Price','','$2y$12$LBkW/3fd7DpoMaWV.IOp.emNyptEn0ib9B/trudKQSDO7MrbIpzvi','student','Rajasthan','37103 Jermaine Trail Apt. 309','3edf9f8d-23f1-4595-8b0a-5adae50cd589',9175003160),('student8',98211190086646,'2000-09-14','Varanasi','India','BrandonMartin24@gmail.com','Brandon','Female',1,'Martin','','$2y$12$LBkW/3fd7DpoMaWV.IOp.emNyptEn0ib9B/trudKQSDO7MrbIpzvi','student','UP','229 Vargas Estate','b8e11bdf-bea3-42c6-8449-b3442650280b',9319593619),('student9',91830549069993,'1999-12-10','Jaipur','India','BrandonMcgee3@gmail.com','Brandon','Male',1,'Mcgee','','$2y$12$LBkW/3fd7DpoMaWV.IOp.emNyptEn0ib9B/trudKQSDO7MrbIpzvi','student','Rajasthan','6160 Jonathan Haven','6c098095-fca8-4399-a514-299587565136',9283397687);
/*!40000 ALTER TABLE `user` ENABLE KEYS */;
UNLOCK TABLES;

--
-- Table structure for table `work`
--

DROP TABLE IF EXISTS `work`;
/*!40101 SET @saved_cs_client     = @@character_set_client */;
/*!50503 SET character_set_client = utf8mb4 */;
CREATE TABLE `work` (
  `workID` int NOT NULL,
  `company` varchar(255) NOT NULL,
  `workDescription` varchar(255) DEFAULT NULL,
  `workJoiningDate` date NOT NULL,
  `workLeavingDate` date DEFAULT NULL,
  `workRole` varchar(255) NOT NULL,
  `studentID` int NOT NULL,
  PRIMARY KEY (`workID`,`studentID`),
  KEY `work_ibfk_1` (`studentID`),
  CONSTRAINT `work_ibfk_1` FOREIGN KEY (`studentID`) REFERENCES `student` (`studentID`) ON DELETE CASCADE ON UPDATE CASCADE
) ENGINE=InnoDB DEFAULT CHARSET=utf8;
/*!40101 SET character_set_client = @saved_cs_client */;

--
-- Dumping data for table `work`
--

LOCK TABLES `work` WRITE;
/*!40000 ALTER TABLE `work` DISABLE KEYS */;
INSERT INTO `work` VALUES (1,'Samsung Research','Researching on the scope of Artificial Intelligence in the domain of mechanical engineering','2018-01-16','2018-12-16','Lead Software Engineer',100000001),(1,'PayPal','Development of JAVA based enterprise applications','2020-04-09',NULL,'Software Engineer 2',100000002),(1,'Tata Consultancy Services','Testing and Debugging','2015-01-16','2016-12-16','Assistant Engineer',100000003),(1,'Samsung Research','Researching on the scope of Artificial Intelligence in the domain of mechanical engineering','2018-01-16','2018-12-16','Lead Software Engineer',100000004),(1,'PayPal','Development of JAVA based enterprise applications','2020-04-09',NULL,'Software Engineer 2',100000005),(1,'Tata Consultancy Services','Testing and Debugging','2015-01-16','2016-12-16','Assistant Engineer',100000006),(1,'Samsung Research','Researching on the scope of Artificial Intelligence in the domain of mechanical engineering','2018-01-16','2018-12-16','Lead Software Engineer',100000007),(1,'PayPal','Development of JAVA based enterprise applications','2020-04-09',NULL,'Software Engineer 2',100000008),(1,'Tata Consultancy Services','Testing and Debugging','2015-01-16','2016-12-16','Assistant Engineer',100000009),(1,'Samsung Research','Researching on the scope of Artificial Intelligence in the domain of mechanical engineering','2018-01-16','2018-12-16','Lead Software Engineer',100000010),(1,'PayPal','Development of JAVA based enterprise applications','2020-04-09',NULL,'Software Engineer 2',100000011),(1,'Tata Consultancy Services','Testing and Debugging','2015-01-16','2016-12-16','Assistant Engineer',100000012),(1,'Samsung Research','Researching on the scope of Artificial Intelligence in the domain of mechanical engineering','2018-01-16','2018-12-16','Lead Software Engineer',100000013),(1,'PayPal','Development of JAVA based enterprise applications','2020-04-09',NULL,'Software Engineer 2',100000014),(1,'Tata Consultancy Services','Testing and Debugging','2015-01-16','2016-12-16','Assistant Engineer',100000015),(1,'Samsung Research','Researching on the scope of Artificial Intelligence in the domain of mechanical engineering','2018-01-16','2018-12-16','Lead Software Engineer',100000016),(1,'PayPal','Development of JAVA based enterprise applications','2020-04-09',NULL,'Software Engineer 2',100000017),(1,'Tata Consultancy Services','Testing and Debugging','2015-01-16','2016-12-16','Assistant Engineer',100000018),(1,'Samsung Research','Researching on the scope of Artificial Intelligence in the domain of mechanical engineering','2018-01-16','2018-12-16','Lead Software Engineer',100000019),(1,'PayPal','Development of JAVA based enterprise applications','2020-04-09',NULL,'Software Engineer 2',100000020),(1,'Tata Consultancy Services','Testing and Debugging','2015-01-16','2016-12-16','Assistant Engineer',100000021),(1,'Samsung Research','Researching on the scope of Artificial Intelligence in the domain of mechanical engineering','2018-01-16','2018-12-16','Lead Software Engineer',100000022),(1,'PayPal','Development of JAVA based enterprise applications','2020-04-09',NULL,'Software Engineer 2',100000023),(1,'Tata Consultancy Services','Testing and Debugging','2015-01-16','2016-12-16','Assistant Engineer',100000024),(1,'Samsung Research','Researching on the scope of Artificial Intelligence in the domain of mechanical engineering','2018-01-16','2018-12-16','Lead Software Engineer',100000025),(1,'PayPal','Development of JAVA based enterprise applications','2020-04-09',NULL,'Software Engineer 2',100000026),(1,'Tata Consultancy Services','Testing and Debugging','2015-01-16','2016-12-16','Assistant Engineer',100000027),(1,'Samsung Research','Researching on the scope of Artificial Intelligence in the domain of mechanical engineering','2018-01-16','2018-12-16','Lead Software Engineer',100000028),(1,'PayPal','Development of JAVA based enterprise applications','2020-04-09',NULL,'Software Engineer 2',100000029),(1,'Tata Consultancy Services','Testing and Debugging','2015-01-16','2016-12-16','Assistant Engineer',100000030),(1,'Samsung Research','Researching on the scope of Artificial Intelligence in the domain of mechanical engineering','2018-01-16','2018-12-16','Lead Software Engineer',100000031),(1,'PayPal','Development of JAVA based enterprise applications','2020-04-09',NULL,'Software Engineer 2',100000032),(1,'Tata Consultancy Services','Testing and Debugging','2015-01-16','2016-12-16','Assistant Engineer',100000033),(1,'Samsung Research','Researching on the scope of Artificial Intelligence in the domain of mechanical engineering','2018-01-16','2018-12-16','Lead Software Engineer',100000034),(1,'PayPal','Development of JAVA based enterprise applications','2020-04-09',NULL,'Software Engineer 2',100000035),(1,'Tata Consultancy Services','Testing and Debugging','2015-01-16','2016-12-16','Assistant Engineer',100000036),(1,'Samsung Research','Researching on the scope of Artificial Intelligence in the domain of mechanical engineering','2018-01-16','2018-12-16','Lead Software Engineer',100000037),(1,'PayPal','Development of JAVA based enterprise applications','2020-04-09',NULL,'Software Engineer 2',100000038),(1,'Tata Consultancy Services','Testing and Debugging','2015-01-16','2016-12-16','Assistant Engineer',100000039),(1,'Samsung Research','Researching on the scope of Artificial Intelligence in the domain of mechanical engineering','2018-01-16','2018-12-16','Lead Software Engineer',100000040),(1,'PayPal','Development of JAVA based enterprise applications','2020-04-09',NULL,'Software Engineer 2',100000041),(1,'Tata Consultancy Services','Testing and Debugging','2015-01-16','2016-12-16','Assistant Engineer',100000042),(1,'Samsung Research','Researching on the scope of Artificial Intelligence in the domain of mechanical engineering','2018-01-16','2018-12-16','Lead Software Engineer',100000043),(1,'PayPal','Development of JAVA based enterprise applications','2020-04-09',NULL,'Software Engineer 2',100000044),(1,'Tata Consultancy Services','Testing and Debugging','2015-01-16','2016-12-16','Assistant Engineer',100000045),(1,'Samsung Research','Researching on the scope of Artificial Intelligence in the domain of mechanical engineering','2018-01-16','2018-12-16','Lead Software Engineer',100000046),(1,'PayPal','Development of JAVA based enterprise applications','2020-04-09',NULL,'Software Engineer 2',100000047),(1,'Tata Consultancy Services','Testing and Debugging','2015-01-16','2016-12-16','Assistant Engineer',100000048),(1,'Samsung Research','Researching on the scope of Artificial Intelligence in the domain of mechanical engineering','2018-01-16','2018-12-16','Lead Software Engineer',100000049),(1,'PayPal','Development of JAVA based enterprise applications','2020-04-09',NULL,'Software Engineer 2',100000050),(2,'ZestMoney','Managed hiring across Tech & Non-Tech vertical for startups to Fortune 500 companies','2019-01-16',NULL,'Recruitment Manager',100000001),(2,'Accenture','Rectifying application related issues','2016-12-30','2018-10-16','Software Development Engineer',100000003),(2,'ZestMoney','Managed hiring across Tech & Non-Tech vertical for startups to Fortune 500 companies','2019-01-16',NULL,'Recruitment Manager',100000004),(2,'Accenture','Rectifying application related issues','2016-12-30','2018-10-16','Software Development Engineer',100000006),(2,'ZestMoney','Managed hiring across Tech & Non-Tech vertical for startups to Fortune 500 companies','2019-01-16',NULL,'Recruitment Manager',100000007),(2,'Accenture','Rectifying application related issues','2016-12-30','2018-10-16','Software Development Engineer',100000009),(2,'ZestMoney','Managed hiring across Tech & Non-Tech vertical for startups to Fortune 500 companies','2019-01-16',NULL,'Recruitment Manager',100000010),(2,'Accenture','Rectifying application related issues','2016-12-30','2018-10-16','Software Development Engineer',100000012),(2,'ZestMoney','Managed hiring across Tech & Non-Tech vertical for startups to Fortune 500 companies','2019-01-16',NULL,'Recruitment Manager',100000013),(2,'Accenture','Rectifying application related issues','2016-12-30','2018-10-16','Software Development Engineer',100000015),(2,'ZestMoney','Managed hiring across Tech & Non-Tech vertical for startups to Fortune 500 companies','2019-01-16',NULL,'Recruitment Manager',100000016),(2,'Accenture','Rectifying application related issues','2016-12-30','2018-10-16','Software Development Engineer',100000018),(2,'ZestMoney','Managed hiring across Tech & Non-Tech vertical for startups to Fortune 500 companies','2019-01-16',NULL,'Recruitment Manager',100000019),(2,'Accenture','Rectifying application related issues','2016-12-30','2018-10-16','Software Development Engineer',100000021),(2,'ZestMoney','Managed hiring across Tech & Non-Tech vertical for startups to Fortune 500 companies','2019-01-16',NULL,'Recruitment Manager',100000022),(2,'Accenture','Rectifying application related issues','2016-12-30','2018-10-16','Software Development Engineer',100000024),(2,'ZestMoney','Managed hiring across Tech & Non-Tech vertical for startups to Fortune 500 companies','2019-01-16',NULL,'Recruitment Manager',100000025),(2,'Accenture','Rectifying application related issues','2016-12-30','2018-10-16','Software Development Engineer',100000027),(2,'ZestMoney','Managed hiring across Tech & Non-Tech vertical for startups to Fortune 500 companies','2019-01-16',NULL,'Recruitment Manager',100000028),(2,'Accenture','Rectifying application related issues','2016-12-30','2018-10-16','Software Development Engineer',100000030),(2,'ZestMoney','Managed hiring across Tech & Non-Tech vertical for startups to Fortune 500 companies','2019-01-16',NULL,'Recruitment Manager',100000031),(2,'Accenture','Rectifying application related issues','2016-12-30','2018-10-16','Software Development Engineer',100000033),(2,'ZestMoney','Managed hiring across Tech & Non-Tech vertical for startups to Fortune 500 companies','2019-01-16',NULL,'Recruitment Manager',100000034),(2,'Accenture','Rectifying application related issues','2016-12-30','2018-10-16','Software Development Engineer',100000036),(2,'ZestMoney','Managed hiring across Tech & Non-Tech vertical for startups to Fortune 500 companies','2019-01-16',NULL,'Recruitment Manager',100000037),(2,'Accenture','Rectifying application related issues','2016-12-30','2018-10-16','Software Development Engineer',100000039),(2,'ZestMoney','Managed hiring across Tech & Non-Tech vertical for startups to Fortune 500 companies','2019-01-16',NULL,'Recruitment Manager',100000040),(2,'Accenture','Rectifying application related issues','2016-12-30','2018-10-16','Software Development Engineer',100000042),(2,'ZestMoney','Managed hiring across Tech & Non-Tech vertical for startups to Fortune 500 companies','2019-01-16',NULL,'Recruitment Manager',100000043),(2,'Accenture','Rectifying application related issues','2016-12-30','2018-10-16','Software Development Engineer',100000045),(2,'ZestMoney','Managed hiring across Tech & Non-Tech vertical for startups to Fortune 500 companies','2019-01-16',NULL,'Recruitment Manager',100000046),(2,'Accenture','Rectifying application related issues','2016-12-30','2018-10-16','Software Development Engineer',100000048),(2,'ZestMoney','Managed hiring across Tech & Non-Tech vertical for startups to Fortune 500 companies','2019-01-16',NULL,'Recruitment Manager',100000049),(3,'Capgemini','Improve Quality in Hiring Process','2019-01-16','2019-07-10','Recruitment Manager',100000003),(3,'Capgemini','Improve Quality in Hiring Process','2019-01-16','2019-07-10','Recruitment Manager',100000006),(3,'Capgemini','Improve Quality in Hiring Process','2019-01-16','2019-07-10','Recruitment Manager',100000009),(3,'Capgemini','Improve Quality in Hiring Process','2019-01-16','2019-07-10','Recruitment Manager',100000012),(3,'Capgemini','Improve Quality in Hiring Process','2019-01-16','2019-07-10','Recruitment Manager',100000015),(3,'Capgemini','Improve Quality in Hiring Process','2019-01-16','2019-07-10','Recruitment Manager',100000018),(3,'Capgemini','Improve Quality in Hiring Process','2019-01-16','2019-07-10','Recruitment Manager',100000021),(3,'Capgemini','Improve Quality in Hiring Process','2019-01-16','2019-07-10','Recruitment Manager',100000024),(3,'Capgemini','Improve Quality in Hiring Process','2019-01-16','2019-07-10','Recruitment Manager',100000027),(3,'Capgemini','Improve Quality in Hiring Process','2019-01-16','2019-07-10','Recruitment Manager',100000030),(3,'Capgemini','Improve Quality in Hiring Process','2019-01-16','2019-07-10','Recruitment Manager',100000033),(3,'Capgemini','Improve Quality in Hiring Process','2019-01-16','2019-07-10','Recruitment Manager',100000036),(3,'Capgemini','Improve Quality in Hiring Process','2019-01-16','2019-07-10','Recruitment Manager',100000039),(3,'Capgemini','Improve Quality in Hiring Process','2019-01-16','2019-07-10','Recruitment Manager',100000042),(3,'Capgemini','Improve Quality in Hiring Process','2019-01-16','2019-07-10','Recruitment Manager',100000045),(3,'Capgemini','Improve Quality in Hiring Process','2019-01-16','2019-07-10','Recruitment Manager',100000048);
/*!40000 ALTER TABLE `work` ENABLE KEYS */;
UNLOCK TABLES;
/*!40103 SET TIME_ZONE=@OLD_TIME_ZONE */;

/*!40101 SET SQL_MODE=@OLD_SQL_MODE */;
/*!40014 SET FOREIGN_KEY_CHECKS=@OLD_FOREIGN_KEY_CHECKS */;
/*!40014 SET UNIQUE_CHECKS=@OLD_UNIQUE_CHECKS */;
/*!40101 SET CHARACTER_SET_CLIENT=@OLD_CHARACTER_SET_CLIENT */;
/*!40101 SET CHARACTER_SET_RESULTS=@OLD_CHARACTER_SET_RESULTS */;
/*!40101 SET COLLATION_CONNECTION=@OLD_COLLATION_CONNECTION */;
/*!40111 SET SQL_NOTES=@OLD_SQL_NOTES */;

-- Dump completed on 2020-12-01 18:00:32

DELIMITER $$
CREATE TRIGGER check_insert_panNumber BEFORE INSERT ON Employee
FOR EACH ROW
BEGIN
IF (NEW.PAN REGEXP '^[A-Z]{5}[0-9]{4}[A-Z]{1}$') = 0 THEN
  SIGNAL SQLSTATE '12345'
     SET MESSAGE_TEXT = 'Wrong PAN Number Format';
END IF;
END$$
DELIMITER ;

DELIMITER $$
CREATE TRIGGER check_update_panNumber BEFORE UPDATE ON Employee
FOR EACH ROW
BEGIN
IF (NEW.PAN REGEXP '^[A-Z]{5}[0-9]{4}[A-Z]{1}$') = 0 THEN
  SIGNAL SQLSTATE '12345'
     SET MESSAGE_TEXT = 'Wrong PAN Number Format';
END IF;
END$$
DELIMITER ;

DELIMITER $$
CREATE TRIGGER check_insert_adhaarNumber BEFORE INSERT ON User
FOR EACH ROW
BEGIN
IF (NEW.adhaarNumber REGEXP '^[0-9]{12}$') = 0 THEN
  SIGNAL SQLSTATE '12345'
     SET MESSAGE_TEXT = 'Wrong Adhaar Number Number Format';
END IF;
END$$
DELIMITER ;

DELIMITER $$
CREATE TRIGGER check_update_adhaarNumber BEFORE UPDATE ON User
FOR EACH ROW
BEGIN
IF (NEW.adhaarNumber REGEXP '^[0-9]{12}$') = 0 THEN
  SIGNAL SQLSTATE '12345'
     SET MESSAGE_TEXT = 'Wrong Adhaar Number Number Format';
END IF;
END$$
DELIMITER ;